Elapsed Time   , Data  , ADC     , StartCells, OpenWire, Discharge, StartAux   , StartStatus, BRD#01 ADDR , CELL01, CELL02, CELL03, CELL04, CELL05, CELL06, CELL07, CELL08, CELL09, CELL10, CELL11, CELL12, GPIO1, GPIO2, GPIO3, GPIO4, GPIO5, VREF2, SOC   , ITMP  , VREGA , VREGD , 
0000:00:00.000, 0, Normal  , ADCV      ,         ,          , ADAX       , ADSTAT     ,             , 2.4092, 2.3993, 2.3598, 2.4038, 0.0000, 0.0000, 0.0000, 0.0000, 0.0000, 0.0000, 0.0128, 0.4643, 4.0458, 4.1134, 0.0000, 5.0007, 5.0011, 3.0042, 9.6500, 2.2636, 5.0406, 3.1590, 
0000:00:00.462, 1, Normal  , ADCV      ,         ,          , ADAX       , ADSTAT     ,             , 2.4097, 2.3994, 2.3596, 2.4037, 0.0000, 0.0000, 0.0000, 0.0073, 0.0095, 0.0000, 0.0479, 0.4789, 4.0462, 4.1131, 0.0000, 5.0002, 5.0009, 3.0041, 9.6480, 2.2640, 5.0408, 3.1589, 
0000:00:00.964, 2, Normal  , ADCV      ,         ,          , ADAX       , ADSTAT     ,             , 2.4097, 2.3996, 2.3598, 2.4035, 0.0000, 0.0000, 0.0000, 0.0411, 0.0323, 0.0000, 0.0467, 0.4585, 4.0464, 4.1141, 0.0000, 5.0008, 5.0006, 3.0042, 9.6440, 2.2642, 5.0412, 3.1597, 
0000:00:01.466, 3, Normal  , ADCV      ,         ,          , ADAX       , ADSTAT     ,             , 2.4095, 2.3994, 2.3598, 2.4041, 0.0000, 0.0000, 0.0000, 0.0667, 0.0468, 0.0000, 0.0369, 0.4293, 4.0455, 4.1123, 0.0000, 5.0013, 5.0014, 3.0041, 9.6480, 2.2638, 5.0407, 3.1596, 
0000:00:01.953, 4, Normal  , ADCV      ,         ,          , ADAX       , ADSTAT     ,             , 2.4100, 2.3997, 2.3599, 2.4036, 0.0000, 0.0000, 0.0000, 0.0900, 0.0602, 0.0013, 0.0284, 0.4029, 4.0454, 4.1119, 0.0000, 5.0008, 5.0007, 3.0043, 9.6500, 2.2641, 5.0410, 3.1599, 
0000:00:02.454, 5, Normal  , ADCV      ,         ,          , ADAX       , ADSTAT     ,             , 2.4099, 2.3995, 2.3599, 2.4036, 0.0000, 0.0000, 0.0000, 0.1111, 0.0718, 0.0033, 0.0186, 0.3752, 4.0453, 4.1126, 0.0000, 5.0007, 5.0006, 3.0042, 9.6460, 2.2644, 5.0411, 3.1597, 
0000:00:02.957, 6, Normal  , ADCV      ,         ,          , ADAX       , ADSTAT     ,             , 2.4096, 2.3995, 2.3599, 2.4040, 0.0000, 0.0000, 0.0000, 0.1322, 0.0835, 0.0060, 0.0096, 0.3488, 4.0439, 4.1122, 0.0000, 5.0015, 5.0011, 3.0041, 9.6520, 2.2641, 5.0406, 3.1595, 
0000:00:03.459, 7, Normal  , ADCV      ,         ,          , ADAX       , ADSTAT     ,             , 2.4095, 2.3998, 2.3601, 2.4035, 0.0000, 0.0000, 0.0000, 0.1527, 0.0949, 0.0086, 0.0010, 0.3229, 4.0444, 4.1116, 0.0000, 5.0009, 5.0006, 3.0041, 9.6480, 2.2641, 5.0411, 3.1594, 
0000:00:03.962, 8, Normal  , ADCV      ,         ,          , ADAX       , ADSTAT     ,             , 2.4095, 2.3996, 2.3601, 2.4040, 0.0000, 0.0000, 0.0000, 0.1722, 0.1064, 0.0118, 0.0000, 0.2981, 4.0458, 4.1130, 0.0000, 5.0014, 5.0009, 3.0041, 9.6500, 2.2641, 5.0409, 3.1598, 
0000:00:04.464, 9, Normal  , ADCV      ,         ,          , ADAX       , ADSTAT     ,             , 2.4099, 2.3995, 2.3599, 2.4038, 0.0000, 0.0000, 0.0000, 0.1910, 0.1169, 0.0144, 0.0000, 0.2734, 4.0443, 4.1130, 0.0000, 5.0012, 5.0009, 3.0042, 9.6500, 2.2642, 5.0410, 3.1598, 
0000:00:04.951, 10, Normal  , ADCV      ,         ,          , ADAX       , ADSTAT     ,             , 2.4096, 2.3997, 2.3601, 2.4037, 0.0000, 0.0000, 0.0000, 0.2092, 0.1275, 0.0174, 0.0000, 0.2495, 4.0449, 4.1130, 0.0000, 5.0010, 5.0006, 3.0042, 9.6500, 2.2643, 5.0410, 3.1593, 
0000:00:05.452, 11, Normal  , ADCV      ,         ,          , ADAX       , ADSTAT     ,             , 0.0000, 2.0727, 2.3497, 2.1958, 0.0000, 0.0000, 0.0000, 0.4063, 0.1726, 0.0577, 0.0000, 0.0000, 3.9922, 3.4223, 0.0000, 4.8289, 4.9397, 3.0083, 9.3820, 2.3593, 4.0898, 2.0435, 
0000:00:05.954, 12, Normal  , ADCV      ,         ,          , ADAX       , ADSTAT     ,             , 2.2153, 2.3260, 2.2517, 2.2111, 0.0000, 0.0000, 0.0000, 0.0749, 0.0264, 0.0000, 0.0551, 0.4018, 3.7486, 3.8009, 0.0000, 4.7174, 4.7241, 3.0041, 9.2200, 2.2634, 4.7343, 3.1601, 
0000:00:06.455, 13, Normal  , ADCV      ,         ,          , ADAX       , ADSTAT     ,             , 2.2124, 2.3123, 2.2353, 2.1914, 0.0000, 0.0000, 0.0000, 0.0941, 0.0358, 0.0000, 0.0419, 0.3712, 3.7975, 3.8309, 0.0000, 4.6731, 4.6980, 3.0042, 9.0900, 2.2638, 4.7772, 3.1567, 
0000:00:06.958, 14, Normal  , ADCV      ,         ,          , ADAX       , ADSTAT     ,             , 2.2160, 2.3217, 2.2774, 2.2242, 0.0000, 0.0000, 0.0000, 0.1166, 0.0521, 0.0000, 0.0319, 0.3442, 3.7761, 3.8182, 0.0000, 4.7279, 4.7436, 3.0042, 9.1740, 2.2634, 4.6819, 3.1604, 
0000:00:07.461, 15, Normal  , ADCV      ,         ,          , ADAX       , ADSTAT     ,             , 2.2220, 2.3207, 2.2741, 2.2163, 0.0000, 0.0000, 0.0000, 0.1378, 0.0647, 0.0000, 0.0221, 0.3183, 3.7851, 3.8782, 0.0000, 4.6321, 4.6683, 3.0042, 9.0340, 2.2639, 4.7449, 3.1619, 
0000:00:07.963, 16, Normal  , ADCV      ,         ,          , ADAX       , ADSTAT     ,             , 2.2128, 2.2873, 2.2293, 2.1939, 0.0000, 0.0000, 0.0000, 0.1546, 0.0730, 0.0000, 0.0141, 0.2926, 3.7691, 3.8623, 0.0000, 4.6170, 4.6630, 3.0041, 8.9600, 2.2640, 4.7090, 3.1623, 
0000:00:08.465, 17, Normal  , ADCV      ,         ,          , ADAX       , ADSTAT     ,             , 2.1477, 2.2982, 2.2484, 2.1650, 0.0000, 0.0000, 0.0000, 0.1752, 0.0862, 0.0000, 0.0018, 0.2655, 3.7016, 3.7976, 0.0000, 4.6191, 4.6359, 3.0041, 9.1220, 2.2635, 4.6725, 3.1594, 
0000:00:08.967, 18, Normal  , ADCV      ,         ,          , ADAX       , ADSTAT     ,             , 2.1770, 2.2793, 2.2062, 2.1517, 0.0000, 0.0000, 0.0000, 0.1918, 0.0938, 0.0000, 0.0000, 0.2429, 3.7499, 3.7565, 0.0000, 4.6272, 4.6647, 3.0042, 8.8600, 2.2637, 4.6901, 3.1616, 
0000:00:09.469, 19, Normal  , ADCV      ,         ,          , ADAX       , ADSTAT     ,             , 2.1395, 2.2904, 2.2171, 2.1022, 0.0000, 0.0000, 0.0000, 0.2110, 0.1053, 0.0000, 0.0000, 0.2214, 3.7275, 3.7995, 0.0000, 4.5793, 4.6070, 3.0042, 8.9300, 2.2637, 4.6544, 3.1602, 
0000:00:09.971, 20, Normal  , ADCV      ,         ,          , ADAX       , ADSTAT     ,             , 2.1775, 2.3066, 2.2551, 2.2307, 0.0000, 0.0000, 0.0000, 0.2299, 0.1195, 0.0044, 0.0000, 0.1963, 3.7501, 3.8346, 0.0000, 4.7084, 4.6229, 3.0041, 9.1100, 2.2636, 4.6771, 3.1603, 
0000:00:10.473, 21, Normal  , ADCV      ,         ,          , ADAX       , ADSTAT     ,             , 2.1760, 2.3053, 2.2547, 2.2138, 0.0000, 0.0000, 0.0000, 0.2463, 0.1298, 0.0070, 0.0000, 0.1755, 3.7724, 3.7934, 0.0000, 4.6800, 4.7213, 3.0043, 8.9560, 2.2637, 4.7273, 3.1577, 
0000:00:10.976, 22, Normal  , ADCV      ,         ,          , ADAX       , ADSTAT     ,             , 2.2294, 2.2955, 2.2463, 2.2319, 0.0000, 0.0000, 0.0000, 0.2609, 0.1388, 0.0105, 0.0000, 0.1533, 3.8274, 3.8167, 0.0000, 4.6835, 4.7219, 3.0042, 8.7980, 2.2636, 4.6455, 3.1619, 
0000:00:11.481, 23, Normal  , ADCV      ,         ,          , ADAX       , ADSTAT     ,             , 2.2317, 2.3030, 2.2474, 2.2326, 0.0000, 0.0000, 0.0000, 0.2755, 0.1468, 0.0136, 0.0000, 0.1340, 3.7439, 3.8450, 0.0000, 4.7594, 4.6715, 3.0042, 9.0940, 2.2636, 4.7213, 3.1563, 
0000:00:11.991, 24, Normal  , ADCV      ,         ,          , ADAX       , ADSTAT     ,             , 2.2041, 2.3067, 2.2197, 2.1724, 0.0000, 0.0000, 0.0000, 0.2884, 0.1514, 0.0140, 0.0000, 0.1189, 3.7375, 3.8210, 0.0000, 4.7007, 4.6173, 3.0040, 9.0260, 2.2639, 4.7062, 3.1551, 
0000:00:12.484, 25, Normal  , ADCV      ,         ,          , ADAX       , ADSTAT     ,             , 2.1768, 2.3072, 2.2500, 2.2396, 0.0000, 0.0000, 0.0000, 0.2989, 0.1588, 0.0189, 0.0000, 0.1058, 3.7957, 3.8983, 0.0000, 4.6669, 4.6862, 3.0042, 8.9860, 2.2636, 4.7023, 3.1623, 
0000:00:13.001, 26, Normal  , ADCV      ,         ,          , ADAX       , ADSTAT     ,             , 2.2265, 2.3183, 2.2289, 2.1772, 0.0000, 0.0000, 0.0000, 0.3073, 0.1590, 0.0171, 0.0000, 0.0940, 3.7902, 3.7670, 0.0000, 4.6651, 4.7130, 3.0043, 9.0940, 2.2637, 4.7797, 3.1548, 
0000:00:13.505, 27, Normal  , ADCV      ,         ,          , ADAX       , ADSTAT     ,             , 2.1304, 2.2807, 2.2168, 2.2233, 0.0000, 0.0000, 0.0000, 0.3106, 0.1593, 0.0192, 0.0000, 0.0806, 3.7358, 3.7234, 0.0000, 4.6195, 4.6564, 3.0042, 9.0400, 2.2635, 4.5815, 3.1606, 
0000:00:14.004, 28, Normal  , ADCV      ,         ,          , ADAX       , ADSTAT     ,             , 2.1658, 2.2937, 2.2319, 2.2212, 0.0000, 0.0000, 0.0000, 0.3149, 0.1592, 0.0190, 0.0000, 0.0778, 3.7522, 3.8319, 0.0000, 4.5821, 4.6129, 3.0041, 9.0420, 2.2636, 4.6992, 3.1589, 
0000:00:14.506, 29, Normal  , ADCV      ,         ,          , ADAX       , ADSTAT     ,             , 2.2123, 2.2845, 2.2210, 2.2024, 0.0000, 0.0000, 0.0000, 0.3169, 0.1570, 0.0177, 0.0000, 0.0731, 3.7728, 3.8632, 0.0000, 4.6336, 4.6731, 3.0042, 9.1140, 2.2639, 4.6542, 3.1601, 
0000:00:15.009, 30, Normal  , ADCV      ,         ,          , ADAX       , ADSTAT     ,             , 2.1641, 2.2905, 2.2302, 2.2179, 0.0000, 0.0000, 0.0000, 0.3213, 0.1565, 0.0179, 0.0000, 0.0629, 3.6559, 3.7542, 0.0000, 4.6743, 4.6228, 3.0041, 8.9840, 2.2633, 4.7116, 3.1595, 
0000:00:15.498, 31, Normal  , ADCV      ,         ,          , ADAX       , ADSTAT     ,             , 2.1603, 2.2877, 2.2303, 2.1520, 0.0000, 0.0000, 0.0000, 0.3242, 0.1551, 0.0143, 0.0000, 0.0569, 3.6030, 3.8370, 0.0000, 4.7071, 4.5960, 3.0042, 8.7980, 2.2634, 4.5564, 3.1615, 
0000:00:15.998, 32, Normal  , ADCV      ,         ,          , ADAX       , ADSTAT     ,             , 2.1367, 2.2638, 2.1998, 2.1696, 0.0000, 0.0000, 0.0000, 0.3236, 0.1499, 0.0146, 0.0000, 0.0542, 3.6858, 3.7680, 0.0000, 4.5699, 4.5835, 3.0042, 8.8920, 2.2637, 4.5859, 3.1561, 
0000:00:16.516, 33, Normal  , ADCV      ,         ,          , ADAX       , ADSTAT     ,             , 2.1507, 2.2555, 2.1759, 2.1278, 0.0000, 0.0000, 0.0000, 0.3245, 0.1453, 0.0120, 0.0000, 0.0512, 3.6088, 3.6725, 0.0000, 4.5709, 4.6386, 3.0043, 8.9180, 2.2634, 4.6010, 3.1604, 
0000:00:17.018, 34, Normal  , ADCV      ,         ,          , ADAX       , ADSTAT     ,             , 2.1738, 2.2872, 2.2189, 2.2045, 0.0000, 0.0000, 0.0000, 0.3297, 0.1470, 0.0147, 0.0014, 0.0463, 3.6698, 3.7548, 0.0000, 4.6611, 4.6158, 3.0041, 9.0340, 2.2636, 4.6509, 3.1600, 
0000:00:17.521, 35, Normal  , ADCV      ,         ,          , ADAX       , ADSTAT     ,             , 2.1079, 2.2711, 2.2104, 2.2065, 0.0000, 0.0000, 0.0000, 0.3309, 0.1451, 0.0147, 0.0061, 0.0419, 3.7288, 3.7101, 0.0000, 4.5769, 4.6275, 3.0042, 9.0020, 2.2639, 4.6607, 3.1601, 
0000:00:18.021, 36, Normal  , ADCV      ,         ,          , ADAX       , ADSTAT     ,             , 2.2060, 2.2849, 2.2222, 2.2217, 0.0000, 0.0000, 0.0000, 0.3338, 0.1442, 0.0151, 0.0138, 0.0412, 3.7561, 3.7641, 0.0000, 4.6519, 4.6833, 3.0042, 9.0200, 2.2635, 4.6259, 3.1612, 
0000:00:18.524, 37, Normal  , ADCV      ,         ,          , ADAX       , ADSTAT     ,             , 2.1556, 2.2496, 2.1724, 2.1222, 0.0000, 0.0000, 0.0000, 0.3345, 0.1396, 0.0111, 0.0120, 0.0354, 3.6142, 3.7314, 0.0000, 4.5981, 4.5736, 3.0043, 8.8720, 2.2636, 4.6485, 3.1620, 
0000:00:19.027, 38, Normal  , ADCV      ,         ,          , ADAX       , ADSTAT     ,             , 2.2204, 2.2848, 2.2150, 2.1990, 0.0000, 0.0000, 0.0000, 0.3391, 0.1408, 0.0136, 0.0181, 0.0334, 3.7501, 3.8106, 0.0000, 4.5843, 4.6143, 3.0041, 8.9520, 2.2636, 4.6808, 3.1581, 
0000:00:19.514, 39, Normal  , ADCV      ,         ,          , ADAX       , ADSTAT     ,             , 2.1616, 2.2905, 2.2339, 2.2505, 0.0000, 0.0000, 0.0000, 0.3420, 0.1411, 0.0149, 0.0201, 0.0302, 3.7850, 3.8121, 0.0000, 4.6863, 4.7209, 3.0043, 8.9760, 2.2636, 4.6874, 3.1617, 
0000:00:20.032, 40, Normal  , ADCV      ,         ,          , ADAX       , ADSTAT     ,             , 2.2137, 2.3065, 2.2247, 2.2245, 0.0000, 0.0000, 0.0000, 0.3458, 0.1392, 0.0134, 0.0239, 0.0301, 3.7041, 3.7356, 0.0000, 4.6312, 4.6931, 3.0042, 8.9560, 2.2637, 4.6739, 3.1601, 
0000:00:20.534, 41, Normal  , ADCV      ,         ,          , ADAX       , ADSTAT     ,             , 2.1896, 2.2932, 2.2262, 2.1693, 0.0000, 0.0000, 0.0000, 0.3466, 0.1376, 0.0103, 0.0228, 0.0251, 3.7004, 3.7923, 0.0000, 4.6567, 4.6129, 3.0041, 9.0040, 2.2636, 4.7626, 3.1561, 
0000:00:21.036, 42, Normal  , ADCV      ,         ,          , ADAX       , ADSTAT     ,             , 2.1534, 2.2803, 2.2108, 2.1999, 0.0000, 0.0000, 0.0000, 0.3456, 0.1331, 0.0108, 0.0272, 0.0240, 3.7928, 3.8668, 0.0000, 4.6755, 4.6808, 3.0041, 9.1180, 2.2632, 4.6347, 3.1606, 
0000:00:21.536, 43, Normal  , ADCV      ,         ,          , ADAX       , ADSTAT     ,             , 2.2210, 2.2935, 2.2141, 2.2034, 0.0000, 0.0000, 0.0000, 0.3502, 0.1339, 0.0109, 0.0300, 0.0248, 3.6254, 3.7173, 0.0000, 4.4578, 4.4446, 3.0041, 8.7420, 2.2637, 4.5971, 3.1620, 
0000:00:22.038, 44, Normal  , ADCV      ,         ,          , ADAX       , ADSTAT     ,             , 2.1574, 2.2791, 2.2090, 2.1459, 0.0000, 0.0000, 0.0000, 0.3496, 0.1306, 0.0074, 0.0285, 0.0202, 3.6451, 3.7032, 0.0000, 4.6161, 4.6399, 3.0043, 9.0340, 2.2635, 4.6630, 3.1595, 
0000:00:22.540, 45, Normal  , ADCV      ,         ,          , ADAX       , ADSTAT     ,             , 2.1648, 2.2886, 2.2233, 2.1966, 0.0000, 0.0000, 0.0000, 0.3521, 0.1305, 0.0091, 0.0328, 0.0213, 3.6577, 3.7469, 0.0000, 4.6585, 4.6639, 3.0042, 8.8640, 2.2633, 4.5143, 3.1601, 
0000:00:23.043, 46, Normal  , ADCV      ,         ,          , ADAX       , ADSTAT     ,             , 2.1350, 2.2748, 2.1904, 2.1488, 0.0000, 0.0000, 0.0000, 0.3511, 0.1252, 0.0068, 0.0338, 0.0219, 3.6621, 3.7512, 0.0000, 4.5615, 4.4984, 3.0042, 8.8680, 2.2637, 4.6221, 3.1606, 
0000:00:23.545, 47, Normal  , ADCV      ,         ,          , ADAX       , ADSTAT     ,             , 2.1442, 2.2665, 2.1792, 2.1677, 0.0000, 0.0000, 0.0000, 0.3520, 0.1228, 0.0069, 0.0356, 0.0216, 3.6678, 3.7741, 0.0000, 4.5569, 4.5440, 3.0041, 8.9860, 2.2634, 4.5767, 3.1598, 
0000:00:24.047, 48, Normal  , ADCV      ,         ,          , ADAX       , ADSTAT     ,             , 2.1457, 2.2745, 2.2016, 2.1536, 0.0000, 0.0000, 0.0000, 0.3542, 0.1233, 0.0061, 0.0351, 0.0182, 3.6580, 3.7504, 0.0000, 4.6200, 4.5102, 3.0040, 8.9800, 2.2635, 4.6117, 3.1590, 
0000:00:24.548, 49, Normal  , ADCV      ,         ,          , ADAX       , ADSTAT     ,             , 2.1148, 2.2685, 2.1938, 2.1916, 0.0000, 0.0000, 0.0000, 0.3553, 0.1216, 0.0081, 0.0358, 0.0156, 3.6272, 3.7174, 0.0000, 4.5828, 4.4842, 3.0042, 9.0120, 2.2633, 4.5885, 3.1598, 
0000:00:25.051, 50, Normal  , ADCV      ,         ,          , ADAX       , ADSTAT     ,             , 2.1832, 2.2817, 2.1826, 2.1685, 0.0000, 0.0000, 0.0000, 0.3578, 0.1193, 0.0071, 0.0388, 0.0189, 3.7445, 3.7466, 0.0000, 4.5672, 4.6051, 3.0042, 9.0020, 2.2638, 4.6996, 3.1577, 
0000:00:25.554, 51, Normal  , ADCV      ,         ,          , ADAX       , ADSTAT     ,             , 2.2020, 2.2960, 2.2079, 2.1548, 0.0000, 0.0000, 0.0000, 0.3610, 0.1208, 0.0065, 0.0380, 0.0165, 3.7649, 3.8417, 0.0000, 4.6573, 4.6618, 3.0042, 9.0480, 2.2635, 4.7566, 3.1569, 
0000:00:26.056, 52, Normal  , ADCV      ,         ,          , ADAX       , ADSTAT     ,             , 2.3829, 2.3662, 2.3130, 2.3734, 0.0000, 0.0000, 0.0000, 0.3137, 0.0876, 0.0061, 0.0809, 0.1506, 3.9901, 4.0578, 0.0000, 4.9361, 4.9355, 3.0041, 9.5100, 2.2638, 4.9876, 3.1585, 
0000:00:26.558, 53, Normal  , ADCV      ,         ,          , ADAX       , ADSTAT     ,             , 2.3842, 2.3677, 2.3088, 2.3743, 0.0000, 0.0000, 0.0000, 0.3182, 0.0877, 0.0000, 0.0598, 0.1188, 3.9924, 4.0604, 0.0000, 4.9392, 4.9391, 3.0041, 9.5180, 2.2639, 4.9800, 3.1597, 
0000:00:27.045, 54, Normal  , ADCV      ,         ,          , ADAX       , ADSTAT     ,             , 2.3856, 2.3694, 2.3115, 2.3753, 0.0000, 0.0000, 0.0000, 0.3327, 0.0992, 0.0015, 0.0506, 0.0987, 3.9966, 4.0641, 0.0000, 4.9426, 4.9434, 3.0042, 9.5240, 2.2641, 4.9826, 3.1594, 
0000:00:27.562, 55, Normal  , ADCV      ,         ,          , ADAX       , ADSTAT     ,             , 2.3868, 2.3706, 2.3140, 2.3769, 0.0000, 0.0000, 0.0000, 0.3463, 0.1098, 0.0050, 0.0424, 0.0801, 3.9963, 4.0635, 0.0000, 4.9459, 4.9455, 3.0042, 9.5300, 2.2639, 4.9855, 3.1600, 
0000:00:28.065, 56, Normal  , ADCV      ,         ,          , ADAX       , ADSTAT     ,             , 2.3879, 2.3717, 2.3157, 2.3780, 0.0000, 0.0000, 0.0000, 0.3585, 0.1193, 0.0081, 0.0354, 0.0637, 4.0004, 4.0667, 0.0000, 4.9484, 4.9488, 3.0042, 9.5360, 2.2642, 4.9878, 3.1595, 
0000:00:28.567, 57, Normal  , ADCV      ,         ,          , ADAX       , ADSTAT     ,             , 2.3885, 2.3728, 2.3177, 2.3790, 0.0000, 0.0000, 0.0000, 0.3689, 0.1270, 0.0109, 0.0301, 0.0498, 4.0023, 4.0695, 0.0000, 4.9504, 4.9505, 3.0043, 9.5380, 2.2643, 4.9906, 3.1598, 
0000:00:29.069, 58, Normal  , ADCV      ,         ,          , ADAX       , ADSTAT     ,             , 2.3895, 2.3739, 2.3193, 2.3798, 0.0000, 0.0000, 0.0000, 0.3772, 0.1328, 0.0131, 0.0272, 0.0395, 4.0048, 4.0706, 0.0000, 4.9523, 4.9528, 3.0042, 9.5440, 2.2644, 4.9923, 3.1596, 
0000:00:29.570, 59, Normal  , ADCV      ,         ,          , ADAX       , ADSTAT     ,             , 2.3903, 2.3747, 2.3208, 2.3809, 0.0000, 0.0000, 0.0000, 0.3830, 0.1363, 0.0144, 0.0263, 0.0324, 4.0051, 4.0725, 0.0000, 4.9544, 4.9541, 3.0042, 9.5480, 2.2643, 4.9944, 3.1597, 
0000:00:30.071, 60, Normal  , ADCV      ,         ,          , ADAX       , ADSTAT     ,             , 2.3914, 2.3755, 2.3219, 2.3814, 0.0000, 0.0000, 0.0000, 0.3871, 0.1381, 0.0149, 0.0267, 0.0277, 4.0069, 4.0746, 0.0000, 4.9557, 4.9561, 3.0042, 9.5480, 2.2638, 4.9962, 3.1595, 
0000:00:30.573, 61, Normal  , ADCV      ,         ,          , ADAX       , ADSTAT     ,             , 2.3915, 2.3763, 2.3233, 2.3824, 0.0000, 0.0000, 0.0000, 0.3906, 0.1394, 0.0153, 0.0276, 0.0240, 4.0086, 4.0759, 0.0000, 4.9572, 4.9574, 3.0042, 9.5540, 2.2637, 4.9976, 3.1595, 
0000:00:31.076, 62, Normal  , ADCV      ,         ,          , ADAX       , ADSTAT     ,             , 2.3924, 2.3771, 2.3243, 2.3827, 0.0000, 0.0000, 0.0000, 0.3916, 0.1379, 0.0143, 0.0287, 0.0219, 4.0084, 4.0765, 0.0000, 4.9596, 4.9588, 3.0043, 9.5600, 2.2642, 4.9987, 3.1596, 
0000:00:31.578, 63, Normal  , ADCV      ,         ,          , ADAX       , ADSTAT     ,             , 2.3927, 2.3776, 2.3255, 2.3838, 0.0000, 0.0000, 0.0000, 0.3939, 0.1381, 0.0143, 0.0301, 0.0201, 4.0102, 4.0778, 0.0000, 4.9604, 4.9610, 3.0042, 9.5600, 2.2639, 5.0000, 3.1596, 
0000:00:32.080, 64, Normal  , ADCV      ,         ,          , ADAX       , ADSTAT     ,             , 2.3930, 2.3784, 2.3267, 2.3842, 0.0000, 0.0000, 0.0000, 0.3955, 0.1374, 0.0137, 0.0313, 0.0184, 4.0119, 4.0782, 0.0000, 4.9621, 4.9621, 3.0042, 9.5660, 2.2640, 5.0014, 3.1596, 
0000:00:32.582, 65, Normal  , ADCV      ,         ,          , ADAX       , ADSTAT     ,             , 2.3938, 2.3788, 2.3273, 2.3849, 0.0000, 0.0000, 0.0000, 0.3963, 0.1367, 0.0138, 0.0335, 0.0193, 4.0138, 4.0799, 0.0000, 4.9629, 4.9635, 3.0042, 9.5680, 2.2642, 5.0029, 3.1596, 
0000:00:33.086, 66, Normal  , ADCV      ,         ,          , ADAX       , ADSTAT     ,             , 2.3945, 2.3797, 2.3283, 2.3853, 0.0000, 0.0000, 0.0000, 0.3967, 0.1353, 0.0126, 0.0331, 0.0168, 4.0143, 4.0812, 0.0000, 4.9638, 4.9642, 3.0041, 9.5660, 2.2646, 5.0046, 3.1592, 
0000:00:33.587, 67, Normal  , ADCV      ,         ,          , ADAX       , ADSTAT     ,             , 2.3952, 2.3802, 2.3291, 2.3857, 0.0000, 0.0000, 0.0000, 0.3997, 0.1351, 0.0122, 0.0338, 0.0145, 4.0158, 4.0822, 0.0000, 4.9652, 4.9647, 3.0041, 9.5700, 2.2643, 5.0054, 3.1593, 
0000:00:34.088, 68, Normal  , ADCV      ,         ,          , ADAX       , ADSTAT     ,             , 2.3955, 2.3808, 2.3299, 2.3862, 0.0000, 0.0000, 0.0000, 0.4002, 0.1344, 0.0121, 0.0356, 0.0160, 4.0152, 4.0829, 0.0000, 4.9661, 4.9661, 3.0042, 9.5720, 2.2641, 5.0063, 3.1593, 
0000:00:34.590, 69, Normal  , ADCV      ,         ,          , ADAX       , ADSTAT     ,             , 2.3960, 2.3810, 2.3306, 2.3869, 0.0000, 0.0000, 0.0000, 0.4013, 0.1337, 0.0117, 0.0360, 0.0148, 4.0163, 4.0837, 0.0000, 4.9669, 4.9671, 3.0042, 9.5740, 2.2640, 5.0073, 3.1592, 
0000:00:35.093, 70, Normal  , ADCV      ,         ,          , ADAX       , ADSTAT     ,             , 2.3961, 2.3817, 2.3315, 2.3871, 0.0000, 0.0000, 0.0000, 0.4025, 0.1327, 0.0110, 0.0362, 0.0140, 4.0175, 4.0848, 0.0000, 4.9682, 4.9679, 3.0041, 9.5780, 2.2642, 5.0087, 3.1594, 
0000:00:35.595, 71, Normal  , ADCV      ,         ,          , ADAX       , ADSTAT     ,             , 2.3967, 2.3822, 2.3321, 2.3875, 0.0000, 0.0000, 0.0000, 0.4028, 0.1317, 0.0108, 0.0378, 0.0151, 4.0177, 4.0853, 0.0000, 4.9693, 4.9687, 3.0041, 9.5800, 2.2641, 5.0088, 3.1602, 
0000:00:36.097, 72, Normal  , ADCV      ,         ,          , ADAX       , ADSTAT     ,             , 2.3965, 2.3825, 2.3330, 2.3880, 0.0000, 0.0000, 0.0000, 0.4045, 0.1309, 0.0098, 0.0365, 0.0113, 4.0178, 4.0856, 0.0000, 4.9702, 4.9697, 3.0043, 9.5780, 2.2643, 5.0097, 3.1597, 
0000:00:36.600, 73, Normal  , ADCV      ,         ,          , ADAX       , ADSTAT     ,             , 2.3970, 2.3830, 2.3336, 2.3884, 0.0000, 0.0000, 0.0000, 0.4052, 0.1303, 0.0103, 0.0382, 0.0132, 4.0194, 4.0860, 0.0000, 4.9711, 4.9706, 3.0041, 9.5820, 2.2643, 5.0102, 3.1593, 
0000:00:37.101, 74, Normal  , ADCV      ,         ,          , ADAX       , ADSTAT     ,             , 2.3973, 2.3835, 2.3341, 2.3886, 0.0000, 0.0000, 0.0000, 0.4059, 0.1295, 0.0098, 0.0388, 0.0132, 4.0189, 4.0866, 0.0000, 4.9714, 4.9713, 3.0042, 9.5820, 2.2642, 5.0115, 3.1595, 
0000:00:37.603, 75, Normal  , ADCV      ,         ,          , ADAX       , ADSTAT     ,             , 2.3981, 2.3837, 2.3347, 2.3891, 0.0000, 0.0000, 0.0000, 0.4065, 0.1285, 0.0099, 0.0391, 0.0131, 4.0210, 4.0890, 0.0000, 4.9720, 4.9723, 3.0042, 9.5840, 2.2643, 5.0125, 3.1594, 
0000:00:38.105, 76, Normal  , ADCV      ,         ,          , ADAX       , ADSTAT     ,             , 2.3984, 2.3840, 2.3351, 2.3896, 0.0000, 0.0000, 0.0000, 0.4073, 0.1277, 0.0098, 0.0395, 0.0131, 4.0211, 4.0889, 0.0000, 4.9725, 4.9723, 3.0043, 9.5880, 2.2643, 5.0132, 3.1591, 
0000:00:38.608, 77, Normal  , ADCV      ,         ,          , ADAX       , ADSTAT     ,             , 2.3986, 2.3847, 2.3359, 2.3897, 0.0000, 0.0000, 0.0000, 0.4073, 0.1268, 0.0096, 0.0398, 0.0132, 4.0231, 4.0906, 0.0000, 4.9734, 4.9735, 3.0041, 9.5880, 2.2642, 5.0140, 3.1594, 
0000:00:39.111, 78, Normal  , ADCV      ,         ,          , ADAX       , ADSTAT     ,             , 2.3987, 2.3849, 2.3364, 2.3900, 0.0000, 0.0000, 0.0000, 0.4080, 0.1260, 0.0094, 0.0399, 0.0129, 4.0218, 4.0893, 0.0000, 4.9743, 4.9740, 3.0043, 9.5880, 2.2643, 5.0145, 3.1593, 
0000:00:39.613, 79, Normal  , ADCV      ,         ,          , ADAX       , ADSTAT     ,             , 2.3988, 2.3852, 2.3371, 2.3907, 0.0000, 0.0000, 0.0000, 0.4091, 0.1257, 0.0095, 0.0400, 0.0127, 4.0241, 4.0915, 0.0000, 4.9749, 4.9753, 3.0042, 9.5920, 2.2641, 5.0153, 3.1591, 
0000:00:40.115, 80, Normal  , ADCV      ,         ,          , ADAX       , ADSTAT     ,             , 2.3991, 2.3854, 2.3374, 2.3910, 0.0000, 0.0000, 0.0000, 0.4101, 0.1250, 0.0094, 0.0403, 0.0121, 4.0249, 4.0913, 0.0000, 4.9753, 4.9755, 3.0042, 9.5900, 2.2643, 5.0158, 3.1594, 
0000:00:40.617, 81, Normal  , ADCV      ,         ,          , ADAX       , ADSTAT     ,             , 2.3992, 2.3858, 2.3380, 2.3912, 0.0000, 0.0000, 0.0000, 0.4108, 0.1245, 0.0094, 0.0403, 0.0122, 4.0230, 4.0904, 0.0000, 4.9766, 4.9761, 3.0041, 9.5940, 2.2640, 5.0159, 3.1592, 
0000:00:41.118, 82, Normal  , ADCV      ,         ,          , ADAX       , ADSTAT     ,             , 2.4002, 2.3861, 2.3382, 2.3915, 0.0000, 0.0000, 0.0000, 0.4110, 0.1236, 0.0092, 0.0406, 0.0127, 4.0249, 4.0924, 0.0000, 4.9767, 4.9772, 3.0042, 9.5960, 2.2642, 5.0165, 3.1593, 
0000:00:41.619, 83, Normal  , ADCV      ,         ,          , ADAX       , ADSTAT     ,             , 2.3999, 2.3864, 2.3388, 2.3914, 0.0000, 0.0000, 0.0000, 0.4117, 0.1230, 0.0091, 0.0404, 0.0121, 4.0260, 4.0929, 0.0000, 4.9771, 4.9771, 3.0043, 9.5960, 2.2642, 5.0173, 3.1587, 
0000:00:42.115, 84, Normal  , ADCV      ,         ,          , ADAX       , ADSTAT     ,             , 2.4000, 2.3867, 2.3395, 2.3919, 0.0000, 0.0000, 0.0000, 0.4123, 0.1226, 0.0089, 0.0407, 0.0122, 4.0250, 4.0924, 0.0000, 4.9779, 4.9781, 3.0042, 9.5960, 2.2639, 5.0174, 3.1589, 
0000:00:42.638, 85, Normal  , ADCV      ,         ,          , ADAX       , ADSTAT     ,             , 2.4003, 2.3868, 2.3397, 2.3926, 0.0000, 0.0000, 0.0000, 0.4122, 0.1211, 0.0085, 0.0409, 0.0123, 4.0261, 4.0928, 0.0000, 4.9784, 4.9785, 3.0041, 9.6000, 2.2642, 5.0179, 3.1593, 
0000:00:43.124, 86, Normal  , ADCV      ,         ,          , ADAX       , ADSTAT     ,             , 2.4005, 2.3873, 2.3399, 2.3922, 0.0000, 0.0000, 0.0000, 0.4146, 0.1223, 0.0093, 0.0409, 0.0115, 4.0256, 4.0945, 0.0000, 4.9785, 4.9784, 3.0042, 9.5980, 2.2639, 5.0191, 3.1591, 
0000:00:43.627, 87, Normal  , ADCV      ,         ,          , ADAX       , ADSTAT     ,             , 2.4007, 2.3876, 2.3403, 2.3925, 0.0000, 0.0000, 0.0000, 0.4146, 0.1210, 0.0090, 0.0409, 0.0119, 4.0265, 4.0927, 0.0000, 4.9789, 4.9789, 3.0043, 9.6000, 2.2639, 5.0194, 3.1596, 
0000:00:44.129, 88, Normal  , ADCV      ,         ,          , ADAX       , ADSTAT     ,             , 2.4009, 2.3877, 2.3407, 2.3932, 0.0000, 0.0000, 0.0000, 0.4148, 0.1206, 0.0091, 0.0414, 0.0126, 4.0269, 4.0946, 0.0000, 4.9799, 4.9795, 3.0042, 9.6020, 2.2640, 5.0194, 3.1597, 
0000:00:44.631, 89, Normal  , ADCV      ,         ,          , ADAX       , ADSTAT     ,             , 2.4013, 2.3879, 2.3409, 2.3927, 0.0000, 0.0000, 0.0000, 0.4151, 0.1196, 0.0085, 0.0405, 0.0111, 4.0279, 4.0957, 0.0000, 4.9798, 4.9800, 3.0042, 9.6020, 2.2642, 5.0201, 3.1594, 
0000:00:45.133, 90, Normal  , ADCV      ,         ,          , ADAX       , ADSTAT     ,             , 2.4011, 2.3881, 2.3414, 2.3930, 0.0000, 0.0000, 0.0000, 0.4159, 0.1193, 0.0088, 0.0412, 0.0121, 4.0268, 4.0952, 0.0000, 4.9802, 4.9801, 3.0041, 9.6000, 2.2642, 5.0206, 3.1596, 
0000:00:45.635, 91, Normal  , ADCV      ,         ,          , ADAX       , ADSTAT     ,             , 2.4013, 2.3883, 2.3418, 2.3935, 0.0000, 0.0000, 0.0000, 0.4163, 0.1190, 0.0091, 0.0413, 0.0122, 4.0294, 4.0977, 0.0000, 4.9817, 4.9817, 3.0042, 9.4780, 2.2639, 5.0206, 3.1599, 
0000:00:46.136, 92, Normal  , ADCV      ,         ,          , ADAX       , ADSTAT     ,             , 2.1866, 2.2984, 2.2249, 2.2005, 0.0000, 0.0000, 0.0000, 0.2462, 0.0000, 0.0000, 0.0836, 0.2627, 3.7629, 3.8205, 0.0000, 4.6340, 4.6468, 3.0041, 9.0740, 2.2635, 4.7003, 3.1551, 
0000:00:46.638, 93, Normal  , ADCV      ,         ,          , ADAX       , ADSTAT     ,             , 2.2222, 2.2985, 2.2414, 2.2296, 0.0000, 0.0000, 0.0000, 0.2596, 0.0069, 0.0000, 0.0695, 0.2318, 3.6943, 3.7656, 0.0000, 4.4627, 4.5040, 3.0042, 8.9400, 2.2635, 4.6006, 3.1592, 
0000:00:47.156, 94, Normal  , ADCV      ,         ,          , ADAX       , ADSTAT     ,             , 2.1586, 2.2819, 2.2221, 2.2024, 0.0000, 0.0000, 0.0000, 0.2752, 0.0191, 0.0000, 0.0566, 0.2043, 3.5806, 3.6749, 0.0000, 4.5943, 4.5206, 3.0041, 8.7740, 2.2638, 4.6085, 3.1618, 
0000:00:47.658, 95, Normal  , ADCV      ,         ,          , ADAX       , ADSTAT     ,             , 2.1738, 2.2890, 2.2093, 2.1824, 0.0000, 0.0000, 0.0000, 0.2916, 0.0314, 0.0000, 0.0460, 0.1850, 3.6757, 3.8025, 0.0000, 4.6518, 4.5456, 3.0042, 9.0140, 2.2634, 4.5890, 3.1602, 
0000:00:48.160, 96, Normal  , ADCV      ,         ,          , ADAX       , ADSTAT     ,             , 2.1829, 2.3062, 2.2443, 2.2048, 0.0000, 0.0000, 0.0000, 0.3095, 0.0476, 0.0000, 0.0376, 0.1621, 3.6981, 3.7928, 0.0000, 4.7098, 4.6619, 3.0041, 8.9700, 2.2636, 4.7590, 3.1602, 
0000:00:48.663, 97, Normal  , ADCV      ,         ,          , ADAX       , ADSTAT     ,             , 2.2385, 2.3059, 2.2366, 2.2229, 0.0000, 0.0000, 0.0000, 0.3244, 0.0598, 0.0000, 0.0301, 0.1423, 3.8111, 3.8981, 0.0000, 4.7172, 4.7206, 3.0042, 9.1580, 2.2636, 4.6522, 3.1603, 
0000:00:49.166, 98, Normal  , ADCV      ,         ,          , ADAX       , ADSTAT     ,             , 2.1807, 2.3032, 2.2317, 2.1906, 0.0000, 0.0000, 0.0000, 0.3382, 0.0710, 0.0000, 0.0209, 0.1216, 3.7243, 3.8088, 0.0000, 4.7138, 4.6694, 3.0042, 8.9900, 2.2636, 4.7210, 3.1606, 
0000:00:49.668, 99, Normal  , ADCV      ,         ,          , ADAX       , ADSTAT     ,             , 2.2053, 2.3036, 2.2295, 2.1585, 0.0000, 0.0000, 0.0000, 0.3510, 0.0817, 0.0000, 0.0121, 0.1004, 3.7056, 3.7957, 0.0000, 4.6824, 4.6239, 3.0041, 8.9540, 2.2637, 4.7268, 3.1533, 
0000:00:50.170, 100, Normal  , ADCV      ,         ,          , ADAX       , ADSTAT     ,             , 2.2309, 2.2944, 2.2261, 2.2167, 0.0000, 0.0000, 0.0000, 0.3608, 0.0905, 0.0000, 0.0093, 0.0842, 3.7525, 3.7496, 0.0000, 4.6376, 4.6809, 3.0042, 9.0060, 2.2639, 4.7028, 3.1607, 
0000:00:50.671, 101, Normal  , ADCV      ,         ,          , ADAX       , ADSTAT     ,             , 2.2002, 2.3082, 2.2405, 2.2487, 0.0000, 0.0000, 0.0000, 0.3722, 0.0996, 0.0000, 0.0055, 0.0698, 3.6806, 3.7855, 0.0000, 4.6709, 4.5948, 3.0042, 9.0320, 2.2638, 4.7710, 3.1560, 
0000:00:51.173, 102, Normal  , ADCV      ,         ,          , ADAX       , ADSTAT     ,             , 2.1759, 2.2985, 2.2403, 2.2136, 0.0000, 0.0000, 0.0000, 0.3768, 0.1038, 0.0000, 0.0055, 0.0605, 3.8052, 3.8184, 0.0000, 4.7154, 4.7362, 3.0043, 8.9060, 2.2635, 4.6671, 3.1617, 
0000:00:51.676, 103, Normal  , ADCV      ,         ,          , ADAX       , ADSTAT     ,             , 2.1978, 2.3009, 2.2334, 2.2512, 0.0000, 0.0000, 0.0000, 0.3802, 0.1050, 0.0033, 0.0088, 0.0541, 3.7030, 3.7555, 0.0000, 4.6481, 4.6820, 3.0041, 9.1160, 2.2633, 4.6987, 3.1602, 
0000:00:52.171, 104, Normal  , ADCV      ,         ,          , ADAX       , ADSTAT     ,             , 2.2172, 2.3015, 2.2082, 2.1935, 0.0000, 0.0000, 0.0000, 0.3816, 0.1033, 0.0030, 0.0113, 0.0490, 3.7539, 3.7353, 0.0000, 4.6093, 4.6509, 3.0043, 9.0800, 2.2633, 4.6488, 3.1599, 
0000:00:52.679, 105, Normal  , ADCV      ,         ,          , ADAX       , ADSTAT     ,             , 2.1420, 2.2832, 2.2190, 2.2065, 0.0000, 0.0000, 0.0000, 0.3815, 0.1040, 0.0046, 0.0120, 0.0414, 3.7153, 3.7837, 0.0000, 4.6762, 4.6676, 3.0043, 9.0760, 2.2638, 4.7025, 3.1592, 
0000:00:53.181, 106, Normal  , ADCV      ,         ,          , ADAX       , ADSTAT     ,             , 2.1841, 2.2645, 2.1941, 2.1699, 0.0000, 0.0000, 0.0000, 0.3816, 0.1022, 0.0043, 0.0146, 0.0331, 3.6964, 3.7649, 0.0000, 4.5097, 4.5399, 3.0042, 8.8520, 2.2637, 4.6763, 3.1561, 
0000:00:53.683, 107, Normal  , ADCV      ,         ,          , ADAX       , ADSTAT     ,             , 2.1626, 2.2679, 2.1690, 2.1259, 0.0000, 0.0000, 0.0000, 0.3818, 0.0990, 0.0034, 0.0168, 0.0334, 3.7031, 3.7832, 0.0000, 4.5608, 4.5756, 3.0043, 8.9520, 2.2642, 4.6912, 3.1535, 
0000:00:54.184, 108, Normal  , ADCV      ,         ,          , ADAX       , ADSTAT     ,             , 2.1964, 2.2835, 2.2080, 2.2005, 0.0000, 0.0000, 0.0000, 0.3831, 0.1013, 0.0070, 0.0232, 0.0319, 3.7631, 3.7696, 0.0000, 4.6197, 4.6402, 3.0043, 8.9700, 2.2640, 4.6509, 3.1553, 
0000:00:54.670, 109, Normal  , ADCV      ,         ,          , ADAX       , ADSTAT     ,             , 2.2174, 2.2856, 2.2055, 2.1987, 0.0000, 0.0000, 0.0000, 0.3846, 0.1005, 0.0076, 0.0252, 0.0304, 3.6306, 3.7253, 0.0000, 4.5787, 4.6178, 3.0042, 8.7300, 2.2636, 4.5746, 3.1624, 
0000:00:55.172, 110, Normal  , ADCV      ,         ,          , ADAX       , ADSTAT     ,             , 2.1733, 2.2899, 2.2119, 2.1750, 0.0000, 0.0000, 0.0000, 0.3840, 0.0987, 0.0065, 0.0272, 0.0281, 3.7332, 3.8224, 0.0000, 4.5694, 4.5845, 3.0042, 8.7480, 2.2634, 4.5851, 3.1609, 
0000:00:55.677, 111, Normal  , ADCV      ,         ,          , ADAX       , ADSTAT     ,             , 2.1437, 2.2807, 2.2113, 2.1923, 0.0000, 0.0000, 0.0000, 0.3833, 0.0978, 0.0072, 0.0289, 0.0267, 3.7272, 3.8240, 0.0000, 4.5834, 4.6003, 3.0043, 9.0160, 2.2639, 4.7199, 3.1541, 
0000:00:56.178, 112, Normal  , ADCV      ,         ,          , ADAX       , ADSTAT     ,             , 2.1186, 2.2701, 2.1987, 2.2116, 0.0000, 0.0000, 0.0000, 0.3838, 0.0973, 0.0082, 0.0303, 0.0229, 3.7071, 3.7923, 0.0000, 4.5684, 4.5510, 3.0041, 8.9340, 2.2636, 4.6675, 3.1603, 
0000:00:56.680, 113, Normal  , ADCV      ,         ,          , ADAX       , ADSTAT     ,             , 2.1489, 2.2745, 2.2019, 2.1357, 0.0000, 0.0000, 0.0000, 0.3855, 0.0975, 0.0054, 0.0283, 0.0195, 3.7258, 3.6977, 0.0000, 4.5457, 4.5933, 3.0043, 8.9440, 2.2635, 4.6365, 3.1597, 
0000:00:57.182, 114, Normal  , ADCV      ,         ,          , ADAX       , ADSTAT     ,             , 2.1603, 2.2637, 2.1593, 2.1332, 0.0000, 0.0000, 0.0000, 0.3846, 0.0933, 0.0053, 0.0321, 0.0210, 3.6619, 3.7477, 0.0000, 4.6052, 4.5721, 3.0042, 8.9840, 2.2634, 4.5617, 3.1605, 
0000:00:57.684, 115, Normal  , ADCV      ,         ,          , ADAX       , ADSTAT     ,             , 2.1103, 2.2714, 2.1961, 2.2101, 0.0000, 0.0000, 0.0000, 0.3851, 0.0954, 0.0083, 0.0348, 0.0196, 3.6933, 3.7099, 0.0000, 4.5948, 4.6379, 3.0043, 9.0000, 2.2634, 4.6218, 3.1598, 
0000:00:58.186, 116, Normal  , ADCV      ,         ,          , ADAX       , ADSTAT     ,             , 2.1429, 2.2774, 2.1986, 2.1748, 0.0000, 0.0000, 0.0000, 0.3867, 0.0958, 0.0071, 0.0354, 0.0189, 3.7495, 3.7541, 0.0000, 4.6107, 4.6346, 3.0043, 8.9340, 2.2636, 4.6340, 3.1539, 
0000:00:58.687, 117, Normal  , ADCV      ,         ,          , ADAX       , ADSTAT     ,             , 2.1139, 2.2894, 2.2124, 2.2376, 0.0000, 0.0000, 0.0000, 0.3879, 0.0963, 0.0098, 0.0402, 0.0193, 3.7496, 3.7663, 0.0000, 4.5784, 4.6058, 3.0043, 9.0980, 2.2633, 4.6923, 3.1594, 
0000:00:59.189, 118, Normal  , ADCV      ,         ,          , ADAX       , ADSTAT     ,             , 2.1336, 2.2502, 2.1691, 2.1643, 0.0000, 0.0000, 0.0000, 0.3859, 0.0929, 0.0068, 0.0374, 0.0155, 3.6599, 3.7450, 0.0000, 4.6236, 4.6116, 3.0043, 9.0060, 2.2635, 4.6170, 3.1597, 
0000:00:59.692, 119, Normal  , ADCV      ,         ,          , ADAX       , ADSTAT     ,             , 2.1888, 2.2938, 2.1996, 2.1524, 0.0000, 0.0000, 0.0000, 0.3903, 0.0947, 0.0063, 0.0375, 0.0161, 3.7270, 3.8043, 0.0000, 4.5608, 4.5493, 3.0043, 8.8280, 2.2635, 4.6510, 3.1595, 
0000:01:00.194, 120, Normal  , ADCV      ,         ,          , ADAX       , ADSTAT     ,             , 2.1891, 2.2786, 2.1998, 2.2159, 0.0000, 0.0000, 0.0000, 0.3889, 0.0937, 0.0083, 0.0408, 0.0141, 3.7632, 3.8303, 0.0000, 4.6970, 4.6754, 3.0043, 8.9380, 2.2636, 4.6584, 3.1617, 
0000:01:00.696, 121, Normal  , ADCV      ,         ,          , ADAX       , ADSTAT     ,             , 2.2014, 2.2909, 2.2092, 2.2233, 0.0000, 0.0000, 0.0000, 0.3907, 0.0945, 0.0089, 0.0386, 0.0143, 3.7245, 3.6843, 0.0000, 4.4979, 4.5300, 3.0041, 9.0460, 2.2638, 4.6746, 3.1610, 
0000:01:01.198, 122, Normal  , ADCV      ,         ,          , ADAX       , ADSTAT     ,             , 2.1807, 2.2726, 2.1620, 2.1375, 0.0000, 0.0000, 0.0000, 0.3894, 0.0901, 0.0053, 0.0389, 0.0145, 3.6746, 3.7608, 0.0000, 4.5411, 4.5604, 3.0042, 8.9400, 2.2637, 4.6884, 3.1533, 
0000:01:01.701, 123, Normal  , ADCV      ,         ,          , ADAX       , ADSTAT     ,             , 2.1294, 2.2526, 2.1691, 2.1603, 0.0000, 0.0000, 0.0000, 0.3888, 0.0906, 0.0061, 0.0407, 0.0137, 3.6961, 3.8103, 0.0000, 4.4934, 4.5421, 3.0043, 8.8940, 2.2638, 4.6487, 3.1557, 
0000:01:02.202, 124, Normal  , ADCV      ,         ,          , ADAX       , ADSTAT     ,             , 2.1827, 2.2668, 2.1861, 2.2067, 0.0000, 0.0000, 0.0000, 0.3897, 0.0910, 0.0077, 0.0430, 0.0137, 3.6792, 3.7878, 0.0000, 4.5887, 4.6227, 3.0042, 8.9540, 2.2639, 4.7196, 3.1564, 
0000:01:02.704, 125, Normal  , ADCV      ,         ,          , ADAX       , ADSTAT     ,             , 2.2100, 2.3003, 2.1946, 2.1708, 0.0000, 0.0000, 0.0000, 0.3938, 0.0912, 0.0064, 0.0420, 0.0148, 3.6644, 3.8517, 0.0000, 4.6395, 4.6554, 3.0042, 8.8980, 2.2637, 4.6843, 3.1577, 
0000:01:03.207, 126, Normal  , ADCV      ,         ,          , ADAX       , ADSTAT     ,             , 2.2126, 2.2938, 2.2127, 2.2260, 0.0000, 0.0000, 0.0000, 0.3936, 0.0928, 0.0085, 0.0416, 0.0134, 3.7388, 3.8144, 0.0000, 4.6775, 4.6385, 3.0042, 8.9780, 2.2634, 4.7304, 3.1532, 
0000:01:03.710, 127, Normal  , ADCV      ,         ,          , ADAX       , ADSTAT     ,             , 2.1978, 2.2681, 2.1820, 2.1890, 0.0000, 0.0000, 0.0000, 0.3926, 0.0909, 0.0068, 0.0425, 0.0128, 3.7569, 3.8143, 0.0000, 4.6172, 4.6306, 3.0043, 9.1020, 2.2634, 4.6268, 3.1620, 
0000:01:04.211, 128, Normal  , ADCV      ,         ,          , ADAX       , ADSTAT     ,             , 2.1660, 2.2825, 2.2047, 2.2444, 0.0000, 0.0000, 0.0000, 0.3942, 0.0924, 0.0098, 0.0442, 0.0140, 3.7435, 3.7464, 0.0000, 4.6557, 4.6931, 3.0043, 8.9140, 2.2638, 4.6913, 3.1623, 
0000:01:04.714, 129, Normal  , ADCV      ,         ,          , ADAX       , ADSTAT     ,             , 2.1629, 2.2771, 2.1952, 2.1917, 0.0000, 0.0000, 0.0000, 0.3949, 0.0924, 0.0069, 0.0379, 0.0088, 3.6890, 3.7779, 0.0000, 4.6192, 4.6119, 3.0043, 8.7700, 2.2636, 4.5948, 3.1652, 
0000:01:05.216, 130, Normal  , ADCV      ,         ,          , ADAX       , ADSTAT     ,             , 2.1879, 2.2640, 2.1808, 2.1983, 0.0000, 0.0000, 0.0000, 0.3932, 0.0901, 0.0074, 0.0436, 0.0128, 3.7430, 3.8334, 0.0000, 4.5927, 4.6042, 3.0043, 9.0220, 2.2637, 4.7149, 3.1547, 
0000:01:05.702, 131, Normal  , ADCV      ,         ,          , ADAX       , ADSTAT     ,             , 2.1802, 2.2840, 2.2049, 2.2127, 0.0000, 0.0000, 0.0000, 0.3944, 0.0908, 0.0079, 0.0432, 0.0136, 3.7325, 3.8123, 0.0000, 4.6926, 4.6035, 3.0042, 8.9560, 2.2639, 4.9143, 3.1566, 
0000:01:06.204, 132, Normal  , ADCV      ,         ,          , ADAX       , ADSTAT     ,             , 2.3868, 2.3606, 2.2913, 2.3673, 0.0000, 0.0000, 0.0000, 0.3804, 0.0865, 0.0161, 0.0735, 0.0794, 3.9815, 4.0450, 0.0000, 4.9217, 4.9328, 3.0042, 9.6040, 2.2640, 4.9618, 3.1595, 
0000:01:06.705, 133, Normal  , ADCV      ,         ,          , ADAX       , ADSTAT     ,             , 2.3803, 2.3613, 2.2947, 2.3685, 0.0000, 0.0000, 0.0000, 0.3817, 0.0862, 0.0082, 0.0526, 0.0561, 3.9801, 4.0474, 0.0000, 4.9249, 4.9244, 3.0043, 9.4900, 2.2639, 4.9648, 3.1599, 
0000:01:07.208, 134, Normal  , ADCV      ,         ,          , ADAX       , ADSTAT     ,             , 2.3816, 2.3630, 2.2976, 2.3696, 0.0000, 0.0000, 0.0000, 0.3922, 0.0954, 0.0110, 0.0456, 0.0418, 3.9832, 4.0505, 0.0000, 4.9289, 4.9281, 3.0042, 9.4980, 2.2642, 4.9681, 3.1596, 
0000:01:07.711, 135, Normal  , ADCV      ,         ,          , ADAX       , ADSTAT     ,             , 2.3829, 2.3643, 2.3003, 2.3710, 0.0000, 0.0000, 0.0000, 0.4006, 0.1028, 0.0131, 0.0410, 0.0311, 3.9866, 4.0527, 0.0000, 4.9318, 4.9316, 3.0043, 9.5040, 2.2641, 4.9713, 3.1594, 
0000:01:08.213, 136, Normal  , ADCV      ,         ,          , ADAX       , ADSTAT     ,             , 2.3837, 2.3653, 2.3026, 2.3725, 0.0000, 0.0000, 0.0000, 0.4068, 0.1079, 0.0143, 0.0382, 0.0241, 3.9868, 4.0547, 0.0000, 4.9336, 4.9337, 3.0041, 9.5080, 2.2642, 4.9746, 3.1596, 
0000:01:08.715, 137, Normal  , ADCV      ,         ,          , ADAX       , ADSTAT     ,             , 2.3845, 2.3662, 2.3047, 2.3735, 0.0000, 0.0000, 0.0000, 0.4107, 0.1110, 0.0148, 0.0370, 0.0198, 3.9887, 4.0574, 0.0000, 4.9361, 4.9361, 3.0041, 9.5120, 2.2639, 4.9765, 3.1596, 
0000:01:09.202, 138, Normal  , ADCV      ,         ,          , ADAX       , ADSTAT     ,             , 2.3857, 2.3673, 2.3063, 2.3739, 0.0000, 0.0000, 0.0000, 0.4153, 0.1146, 0.0158, 0.0366, 0.0166, 3.9919, 4.0599, 0.0000, 4.9382, 4.9384, 3.0042, 9.5140, 2.2642, 4.9789, 3.1597, 
0000:01:09.703, 139, Normal  , ADCV      ,         ,          , ADAX       , ADSTAT     ,             , 2.3864, 2.3682, 2.3078, 2.3749, 0.0000, 0.0000, 0.0000, 0.4160, 0.1143, 0.0144, 0.0360, 0.0149, 3.9933, 4.0612, 0.0000, 4.9405, 4.9413, 3.0042, 9.5220, 2.2641, 4.9804, 3.1593, 
0000:01:10.205, 140, Normal  , ADCV      ,         ,          , ADAX       , ADSTAT     ,             , 2.3866, 2.3691, 2.3096, 2.3756, 0.0000, 0.0000, 0.0000, 0.4170, 0.1146, 0.0137, 0.0365, 0.0141, 3.9948, 4.0612, 0.0000, 4.9428, 4.9423, 3.0041, 9.5240, 2.2642, 4.9819, 3.1591, 
0000:01:10.708, 141, Normal  , ADCV      ,         ,          , ADAX       , ADSTAT     ,             , 2.3871, 2.3697, 2.3108, 2.3766, 0.0000, 0.0000, 0.0000, 0.4176, 0.1144, 0.0133, 0.0372, 0.0139, 3.9944, 4.0627, 0.0000, 4.9440, 4.9438, 3.0042, 9.5260, 2.2644, 4.9845, 3.1590, 
0000:01:11.212, 142, Normal  , ADCV      ,         ,          , ADAX       , ADSTAT     ,             , 2.3880, 2.3708, 2.3124, 2.3771, 0.0000, 0.0000, 0.0000, 0.4180, 0.1142, 0.0125, 0.0375, 0.0139, 3.9971, 4.0648, 0.0000, 4.9457, 4.9454, 3.0042, 9.5300, 2.2642, 4.9858, 3.1593, 
0000:01:11.715, 143, Normal  , ADCV      ,         ,          , ADAX       , ADSTAT     ,             , 2.3887, 2.3715, 2.3137, 2.3778, 0.0000, 0.0000, 0.0000, 0.4189, 0.1139, 0.0121, 0.0377, 0.0130, 3.9990, 4.0657, 0.0000, 4.9478, 4.9471, 3.0041, 9.5300, 2.2636, 4.9868, 3.1590, 
0000:01:12.201, 144, Normal  , ADCV      ,         ,          , ADAX       , ADSTAT     ,             , 2.3893, 2.3722, 2.3146, 2.3782, 0.0000, 0.0000, 0.0000, 0.4205, 0.1149, 0.0123, 0.0382, 0.0127, 4.0016, 4.0672, 0.0000, 4.9493, 4.9491, 3.0043, 9.5380, 2.2643, 4.9886, 3.1593, 
0000:01:12.704, 145, Normal  , ADCV      ,         ,          , ADAX       , ADSTAT     ,             , 2.3896, 2.3726, 2.3157, 2.3793, 0.0000, 0.0000, 0.0000, 0.4204, 0.1140, 0.0113, 0.0385, 0.0124, 4.0021, 4.0705, 0.0000, 4.9498, 4.9499, 3.0043, 9.5380, 2.2642, 4.9905, 3.1595, 
0000:01:13.221, 146, Normal  , ADCV      ,         ,          , ADAX       , ADSTAT     ,             , 2.3900, 2.3733, 2.3170, 2.3798, 0.0000, 0.0000, 0.0000, 0.4198, 0.1127, 0.0104, 0.0388, 0.0127, 4.0018, 4.0692, 0.0000, 4.9512, 4.9510, 3.0042, 9.5400, 2.2641, 4.9914, 3.1590, 
0000:01:13.722, 147, Normal  , ADCV      ,         ,          , ADAX       , ADSTAT     ,             , 2.3908, 2.3738, 2.3179, 2.3803, 0.0000, 0.0000, 0.0000, 0.4208, 0.1130, 0.0106, 0.0394, 0.0126, 4.0039, 4.0716, 0.0000, 4.9525, 4.9524, 3.0043, 9.5420, 2.2643, 4.9925, 3.1593, 
0000:01:14.225, 148, Normal  , ADCV      ,         ,          , ADAX       , ADSTAT     ,             , 2.3911, 2.3745, 2.3188, 2.3810, 0.0000, 0.0000, 0.0000, 0.4213, 0.1128, 0.0103, 0.0397, 0.0124, 4.0043, 4.0727, 0.0000, 4.9538, 4.9535, 3.0043, 9.5440, 2.2642, 4.9941, 3.1597, 
0000:01:14.728, 149, Normal  , ADCV      ,         ,          , ADAX       , ADSTAT     ,             , 2.3917, 2.3749, 2.3197, 2.3813, 0.0000, 0.0000, 0.0000, 0.4217, 0.1124, 0.0099, 0.0397, 0.0122, 4.0056, 4.0733, 0.0000, 4.9552, 4.9556, 3.0042, 9.5480, 2.2641, 4.9946, 3.1594, 
0000:01:15.230, 150, Normal  , ADCV      ,         ,          , ADAX       , ADSTAT     ,             , 2.3921, 2.3756, 2.3206, 2.3815, 0.0000, 0.0000, 0.0000, 0.4223, 0.1123, 0.0098, 0.0401, 0.0123, 4.0068, 4.0735, 0.0000, 4.9556, 4.9555, 3.0042, 9.5480, 2.2648, 4.9959, 3.1595, 
0000:01:15.732, 151, Normal  , ADCV      ,         ,          , ADAX       , ADSTAT     ,             , 2.3923, 2.3761, 2.3217, 2.3820, 0.0000, 0.0000, 0.0000, 0.4224, 0.1120, 0.0095, 0.0402, 0.0123, 4.0071, 4.0739, 0.0000, 4.9573, 4.9568, 3.0042, 9.5540, 2.2644, 4.9967, 3.1596, 
0000:01:16.219, 152, Normal  , ADCV      ,         ,          , ADAX       , ADSTAT     ,             , 2.3926, 2.3763, 2.3222, 2.3829, 0.0000, 0.0000, 0.0000, 0.4238, 0.1126, 0.0100, 0.0403, 0.0119, 4.0102, 4.0761, 0.0000, 4.9582, 4.9574, 3.0042, 9.5540, 2.2643, 4.9974, 3.1594, 
0000:01:16.721, 153, Normal  , ADCV      ,         ,          , ADAX       , ADSTAT     ,             , 2.3929, 2.3768, 2.3230, 2.3832, 0.0000, 0.0000, 0.0000, 0.4235, 0.1119, 0.0094, 0.0401, 0.0116, 4.0095, 4.0777, 0.0000, 4.9591, 4.9586, 3.0043, 9.5580, 2.2643, 4.9983, 3.1595, 
0000:01:17.224, 154, Normal  , ADCV      ,         ,          , ADAX       , ADSTAT     ,             , 2.3934, 2.3773, 2.3237, 2.3839, 0.0000, 0.0000, 0.0000, 0.4239, 0.1115, 0.0094, 0.0405, 0.0120, 4.0098, 4.0771, 0.0000, 4.9593, 4.9593, 3.0043, 9.5580, 2.2642, 4.9998, 3.1593, 
0000:01:17.726, 155, Normal  , ADCV      ,         ,          , ADAX       , ADSTAT     ,             , 2.3934, 2.3778, 2.3245, 2.3837, 0.0000, 0.0000, 0.0000, 0.4240, 0.1110, 0.0090, 0.0406, 0.0120, 4.0109, 4.0772, 0.0000, 4.9604, 4.9608, 3.0042, 9.5600, 2.2642, 5.0002, 3.1596, 
0000:01:18.230, 156, Normal  , ADCV      ,         ,          , ADAX       , ADSTAT     ,             , 2.3938, 2.3781, 2.3252, 2.3841, 0.0000, 0.0000, 0.0000, 0.4242, 0.1105, 0.0091, 0.0406, 0.0120, 4.0108, 4.0786, 0.0000, 4.9613, 4.9610, 3.0043, 9.5600, 2.2644, 5.0016, 3.1599, 
0000:01:18.732, 157, Normal  , ADCV      ,         ,          , ADAX       , ADSTAT     ,             , 2.3945, 2.3785, 2.3256, 2.3843, 0.0000, 0.0000, 0.0000, 0.4245, 0.1103, 0.0087, 0.0406, 0.0118, 4.0118, 4.0791, 0.0000, 4.9616, 4.9623, 3.0043, 9.5640, 2.2642, 5.0016, 3.1592, 
0000:01:19.235, 158, Normal  , ADCV      ,         ,          , ADAX       , ADSTAT     ,             , 2.3947, 2.3791, 2.3262, 2.3846, 0.0000, 0.0000, 0.0000, 0.4247, 0.1101, 0.0088, 0.0409, 0.0119, 4.0119, 4.0799, 0.0000, 4.9625, 4.9629, 3.0042, 9.5620, 2.2642, 5.0027, 3.1593, 
0000:01:19.738, 159, Normal  , ADCV      ,         ,          , ADAX       , ADSTAT     ,             , 2.3945, 2.3792, 2.3270, 2.3852, 0.0000, 0.0000, 0.0000, 0.4250, 0.1099, 0.0087, 0.0410, 0.0121, 4.0134, 4.0802, 0.0000, 4.9636, 4.9631, 3.0042, 9.5680, 2.2644, 5.0033, 3.1596, 
0000:01:20.240, 160, Normal  , ADCV      ,         ,          , ADAX       , ADSTAT     ,             , 2.3950, 2.3795, 2.3274, 2.3857, 0.0000, 0.0000, 0.0000, 0.4253, 0.1097, 0.0087, 0.0411, 0.0120, 4.0142, 4.0820, 0.0000, 4.9642, 4.9641, 3.0042, 9.5680, 2.2644, 5.0046, 3.1596, 
0000:01:20.743, 161, Normal  , ADCV      ,         ,          , ADAX       , ADSTAT     ,             , 2.3957, 2.3799, 2.3279, 2.3856, 0.0000, 0.0000, 0.0000, 0.4254, 0.1094, 0.0086, 0.0412, 0.0121, 4.0151, 4.0821, 0.0000, 4.9646, 4.9649, 3.0043, 9.5680, 2.2646, 5.0052, 3.1595, 
0000:01:21.247, 162, Normal  , ADCV      ,         ,          , ADAX       , ADSTAT     ,             , 2.3954, 2.3801, 2.3284, 2.3861, 0.0000, 0.0000, 0.0000, 0.4254, 0.1090, 0.0086, 0.0412, 0.0119, 4.0147, 4.0825, 0.0000, 4.9653, 4.9654, 3.0043, 9.5720, 2.2642, 5.0059, 3.1593, 
0000:01:21.749, 163, Normal  , ADCV      ,         ,          , ADAX       , ADSTAT     ,             , 2.3961, 2.3804, 2.3289, 2.3863, 0.0000, 0.0000, 0.0000, 0.4260, 0.1092, 0.0087, 0.0412, 0.0119, 4.0143, 4.0824, 0.0000, 4.9658, 4.9657, 3.0042, 9.5720, 2.2643, 5.0062, 3.1593, 
0000:01:22.252, 164, Normal  , ADCV      ,         ,          , ADAX       , ADSTAT     ,             , 2.3961, 2.3808, 2.3294, 2.3867, 0.0000, 0.0000, 0.0000, 0.4262, 0.1088, 0.0087, 0.0412, 0.0118, 4.0153, 4.0822, 0.0000, 4.9662, 4.9666, 3.0042, 9.5720, 2.2644, 5.0068, 3.1595, 
0000:01:22.754, 165, Normal  , ADCV      ,         ,          , ADAX       , ADSTAT     ,             , 2.3964, 2.3810, 2.3300, 2.3870, 0.0000, 0.0000, 0.0000, 0.4260, 0.1084, 0.0084, 0.0413, 0.0120, 4.0168, 4.0832, 0.0000, 4.9676, 4.9678, 3.0042, 9.5760, 2.2643, 5.0067, 3.1594, 
0000:01:23.255, 166, Normal  , ADCV      ,         ,          , ADAX       , ADSTAT     ,             , 2.3962, 2.3815, 2.3307, 2.3870, 0.0000, 0.0000, 0.0000, 0.4270, 0.1090, 0.0089, 0.0413, 0.0119, 4.0160, 4.0828, 0.0000, 4.9681, 4.9677, 3.0042, 9.5760, 2.2644, 5.0074, 3.1592, 
0000:01:23.757, 167, Normal  , ADCV      ,         ,          , ADAX       , ADSTAT     ,             , 2.3969, 2.3816, 2.3308, 2.3871, 0.0000, 0.0000, 0.0000, 0.4268, 0.1083, 0.0085, 0.0411, 0.0115, 4.0165, 4.0841, 0.0000, 4.9680, 4.9682, 3.0042, 9.5760, 2.2640, 5.0082, 3.1594, 
0000:01:24.265, 168, Normal  , ADCV      ,         ,          , ADAX       , ADSTAT     ,             , 2.3971, 2.3819, 2.3313, 2.3873, 0.0000, 0.0000, 0.0000, 0.4259, 0.1069, 0.0080, 0.0414, 0.0122, 4.0179, 4.0851, 0.0000, 4.9689, 4.9684, 3.0042, 9.5780, 2.2645, 5.0083, 3.1595, 
0000:01:24.764, 169, Normal  , ADCV      ,         ,          , ADAX       , ADSTAT     ,             , 2.3969, 2.3820, 2.3317, 2.3880, 0.0000, 0.0000, 0.0000, 0.4279, 0.1087, 0.0091, 0.0413, 0.0116, 4.0176, 4.0846, 0.0000, 4.9699, 4.9695, 3.0042, 9.5780, 2.2643, 5.0089, 3.1595, 
0000:01:25.266, 170, Normal  , ADCV      ,         ,          , ADAX       , ADSTAT     ,             , 2.3976, 2.3824, 2.3321, 2.3877, 0.0000, 0.0000, 0.0000, 0.4276, 0.1080, 0.0087, 0.0412, 0.0114, 4.0181, 4.0853, 0.0000, 4.9700, 4.9694, 3.0043, 9.5800, 2.2644, 5.0093, 3.1594, 
0000:01:25.769, 171, Normal  , ADCV      ,         ,          , ADAX       , ADSTAT     ,             , 2.1509, 2.2663, 2.1935, 2.1502, 0.0000, 0.0000, 0.0000, 0.2820, 0.0028, 0.0000, 0.0742, 0.2400, 3.6654, 3.7567, 0.0000, 4.5339, 4.5542, 3.0042, 8.8980, 2.2638, 4.6081, 3.1570, 
0000:01:26.271, 172, Normal  , ADCV      ,         ,          , ADAX       , ADSTAT     ,             , 2.1925, 2.2912, 2.2251, 2.2172, 0.0000, 0.0000, 0.0000, 0.2916, 0.0104, 0.0000, 0.0574, 0.2068, 3.6807, 3.6823, 0.0000, 4.5537, 4.5864, 3.0041, 8.9640, 2.2635, 4.5454, 3.1606, 
0000:01:26.772, 173, Normal  , ADCV      ,         ,          , ADAX       , ADSTAT     ,             , 2.1424, 2.2684, 2.1988, 2.1770, 0.0000, 0.0000, 0.0000, 0.3054, 0.0219, 0.0000, 0.0456, 0.1828, 3.7427, 3.7524, 0.0000, 4.6040, 4.6415, 3.0042, 9.0940, 2.2633, 4.6167, 3.1598, 
0000:01:27.274, 174, Normal  , ADCV      ,         ,          , ADAX       , ADSTAT     ,             , 2.2076, 2.2747, 2.1958, 2.1502, 0.0000, 0.0000, 0.0000, 0.3209, 0.0349, 0.0000, 0.0341, 0.1612, 3.6783, 3.7533, 0.0000, 4.5281, 4.5012, 3.0043, 8.9180, 2.2633, 4.6368, 3.1602, 
0000:01:27.777, 175, Normal  , ADCV      ,         ,          , ADAX       , ADSTAT     ,             , 2.1841, 2.2988, 2.2360, 2.2320, 0.0000, 0.0000, 0.0000, 0.3374, 0.0509, 0.0000, 0.0265, 0.1406, 3.7744, 3.8644, 0.0000, 4.6560, 4.6314, 3.0043, 9.0380, 2.2635, 4.5972, 3.1596, 
0000:01:28.281, 176, Normal  , ADCV      ,         ,          , ADAX       , ADSTAT     ,             , 2.2018, 2.2645, 2.1873, 2.1474, 0.0000, 0.0000, 0.0000, 0.3468, 0.0588, 0.0000, 0.0186, 0.1195, 3.6065, 3.7206, 0.0000, 4.6030, 4.5806, 3.0043, 8.8520, 2.2635, 4.6382, 3.1615, 
0000:01:28.783, 177, Normal  , ADCV      ,         ,          , ADAX       , ADSTAT     ,             , 2.1634, 2.2870, 2.2136, 2.1412, 0.0000, 0.0000, 0.0000, 0.3603, 0.0713, 0.0000, 0.0100, 0.1020, 3.6338, 3.7221, 0.0000, 4.6220, 4.6110, 3.0042, 9.0140, 2.2634, 4.6183, 3.1596, 
0000:01:29.288, 178, Normal  , ADCV      ,         ,          , ADAX       , ADSTAT     ,             , 2.1656, 2.2832, 2.2120, 2.1530, 0.0000, 0.0000, 0.0000, 0.3709, 0.0807, 0.0000, 0.0044, 0.0842, 3.6737, 3.7609, 0.0000, 4.6141, 4.6043, 3.0042, 8.8740, 2.2636, 4.6541, 3.1620, 
0000:01:29.790, 179, Normal  , ADCV      ,         ,          , ADAX       , ADSTAT     ,             , 2.2147, 2.3062, 2.2023, 2.1758, 0.0000, 0.0000, 0.0000, 0.3821, 0.0877, 0.0000, 0.0052, 0.0726, 3.7643, 3.8040, 0.0000, 4.6767, 4.6911, 3.0042, 8.8860, 2.2640, 4.6482, 3.1620, 
0000:01:30.294, 180, Normal  , ADCV      ,         ,          , ADAX       , ADSTAT     ,             , 2.1879, 2.2877, 2.2151, 2.2276, 0.0000, 0.0000, 0.0000, 0.3852, 0.0924, 0.0000, 0.0087, 0.0622, 3.7827, 3.7727, 0.0000, 4.6587, 4.6923, 3.0042, 9.1160, 2.2636, 4.6873, 3.1597, 
0000:01:30.797, 181, Normal  , ADCV      ,         ,          , ADAX       , ADSTAT     ,             , 2.2172, 2.3042, 2.2275, 2.1720, 0.0000, 0.0000, 0.0000, 0.3907, 0.0963, 0.0000, 0.0057, 0.0524, 3.7002, 3.7732, 0.0000, 4.6874, 4.6986, 3.0043, 8.9760, 2.2639, 4.6919, 3.1613, 
0000:01:31.315, 182, Normal  , ADCV      ,         ,          , ADAX       , ADSTAT     ,             , 2.1536, 2.2838, 2.2023, 2.1564, 0.0000, 0.0000, 0.0000, 0.3904, 0.0953, 0.0000, 0.0075, 0.0458, 3.6988, 3.8147, 0.0000, 4.5949, 4.6245, 3.0042, 8.9660, 2.2638, 4.7290, 3.1556, 
0000:01:31.818, 183, Normal  , ADCV      ,         ,          , ADAX       , ADSTAT     ,             , 2.2319, 2.3019, 2.1976, 2.2023, 0.0000, 0.0000, 0.0000, 0.3935, 0.0956, 0.0038, 0.0131, 0.0443, 3.7126, 3.8095, 0.0000, 4.6170, 4.6387, 3.0042, 8.9860, 2.2638, 4.7402, 3.1558, 
0000:01:32.320, 184, Normal  , ADCV      ,         ,          , ADAX       , ADSTAT     ,             , 2.1841, 2.2617, 2.1818, 2.1772, 0.0000, 0.0000, 0.0000, 0.3912, 0.0945, 0.0041, 0.0151, 0.0365, 3.6988, 3.7670, 0.0000, 4.6593, 4.6708, 3.0043, 9.0560, 2.2637, 4.6885, 3.1596, 
0000:01:32.821, 185, Normal  , ADCV      ,         ,          , ADAX       , ADSTAT     ,             , 2.1523, 2.2680, 2.1915, 2.1920, 0.0000, 0.0000, 0.0000, 0.3923, 0.0950, 0.0059, 0.0185, 0.0308, 3.7632, 3.8283, 0.0000, 4.6908, 4.6717, 3.0044, 8.8660, 2.2638, 4.6492, 3.1612, 
0000:01:33.324, 186, Normal  , ADCV      ,         ,          , ADAX       , ADSTAT     ,             , 2.1914, 2.2922, 2.2147, 2.2441, 0.0000, 0.0000, 0.0000, 0.3930, 0.0950, 0.0082, 0.0205, 0.0310, 3.7297, 3.8198, 0.0000, 4.6266, 4.6442, 3.0042, 8.9460, 2.2639, 4.6967, 3.1545, 
0000:01:33.825, 187, Normal  , ADCV      ,         ,          , ADAX       , ADSTAT     ,             , 2.1896, 2.2802, 2.2001, 2.2113, 0.0000, 0.0000, 0.0000, 0.3935, 0.0944, 0.0083, 0.0253, 0.0295, 3.7225, 3.8051, 0.0000, 4.6890, 4.6209, 3.0042, 8.8260, 2.2634, 4.6680, 3.1613, 
0000:01:34.312, 188, Normal  , ADCV      ,         ,          , ADAX       , ADSTAT     ,             , 2.2568, 2.2980, 2.1931, 2.1793, 0.0000, 0.0000, 0.0000, 0.3951, 0.0931, 0.0071, 0.0259, 0.0269, 3.7342, 3.8186, 0.0000, 4.6836, 4.6713, 3.0041, 9.0500, 2.2636, 4.6466, 3.1583, 
0000:01:34.831, 189, Normal  , ADCV      ,         ,          , ADAX       , ADSTAT     ,             , 2.1747, 2.2810, 2.1960, 2.2053, 0.0000, 0.0000, 0.0000, 0.3921, 0.0905, 0.0073, 0.0287, 0.0237, 3.7581, 3.8571, 0.0000, 4.6559, 4.6815, 3.0043, 9.1000, 2.2633, 4.6060, 3.1608, 
0000:01:35.348, 190, Normal  , ADCV      ,         ,          , ADAX       , ADSTAT     ,             , 2.2079, 2.3018, 2.2031, 2.1918, 0.0000, 0.0000, 0.0000, 0.3949, 0.0913, 0.0069, 0.0304, 0.0247, 3.7781, 3.8801, 0.0000, 4.6028, 4.6388, 3.0041, 9.0620, 2.2634, 4.6016, 3.1596, 
0000:01:35.850, 191, Normal  , ADCV      ,         ,          , ADAX       , ADSTAT     ,             , 2.2185, 2.2802, 2.1911, 2.1984, 0.0000, 0.0000, 0.0000, 0.3947, 0.0915, 0.0076, 0.0322, 0.0239, 3.7240, 3.7954, 0.0000, 4.6904, 4.6850, 3.0042, 8.9760, 2.2639, 4.7015, 3.1612, 
0000:01:36.355, 192, Normal  , ADCV      ,         ,          , ADAX       , ADSTAT     ,             , 2.2001, 2.2776, 2.1939, 2.2063, 0.0000, 0.0000, 0.0000, 0.3953, 0.0915, 0.0080, 0.0339, 0.0203, 3.7269, 3.8189, 0.0000, 4.5452, 4.5744, 3.0042, 8.9740, 2.2637, 4.7107, 3.1583, 
0000:01:36.854, 193, Normal  , ADCV      ,         ,          , ADAX       , ADSTAT     ,             , 2.2016, 2.2955, 2.2170, 2.1924, 0.0000, 0.0000, 0.0000, 0.3968, 0.0925, 0.0074, 0.0347, 0.0201, 3.7757, 3.7676, 0.0000, 4.6171, 4.6554, 3.0042, 9.0660, 2.2637, 4.6496, 3.1589, 
0000:01:37.355, 194, Normal  , ADCV      ,         ,          , ADAX       , ADSTAT     ,             , 2.1671, 2.2851, 2.1958, 2.1761, 0.0000, 0.0000, 0.0000, 0.3964, 0.0907, 0.0067, 0.0352, 0.0180, 3.6532, 3.7607, 0.0000, 4.6519, 4.5679, 3.0041, 8.8780, 2.2635, 4.6271, 3.1616, 
0000:01:37.842, 195, Normal  , ADCV      ,         ,          , ADAX       , ADSTAT     ,             , 2.1551, 2.2708, 2.1876, 2.1879, 0.0000, 0.0000, 0.0000, 0.3975, 0.0923, 0.0080, 0.0334, 0.0139, 3.7079, 3.7950, 0.0000, 4.5352, 4.5524, 3.0042, 8.8760, 2.2634, 4.6676, 3.1601, 
0000:01:38.344, 196, Normal  , ADCV      ,         ,          , ADAX       , ADSTAT     ,             , 2.1741, 2.2781, 2.1677, 2.1531, 0.0000, 0.0000, 0.0000, 0.3966, 0.0886, 0.0058, 0.0389, 0.0187, 3.7647, 3.7633, 0.0000, 4.6532, 4.6840, 3.0042, 8.9140, 2.2631, 4.4946, 3.1605, 
0000:01:38.847, 197, Normal  , ADCV      ,         ,          , ADAX       , ADSTAT     ,             , 2.1774, 2.2825, 2.1867, 2.1439, 0.0000, 0.0000, 0.0000, 0.3964, 0.0888, 0.0050, 0.0375, 0.0156, 3.7329, 3.8041, 0.0000, 4.6616, 4.5872, 3.0043, 8.8880, 2.2636, 4.6339, 3.1615, 
0000:01:39.349, 198, Normal  , ADCV      ,         ,          , ADAX       , ADSTAT     ,             , 2.1792, 2.2692, 2.1578, 2.1509, 0.0000, 0.0000, 0.0000, 0.3952, 0.0863, 0.0050, 0.0376, 0.0155, 3.6949, 3.7731, 0.0000, 4.5443, 4.5625, 3.0041, 8.9200, 2.2635, 4.6808, 3.1533, 
0000:01:39.852, 199, Normal  , ADCV      ,         ,          , ADAX       , ADSTAT     ,             , 2.1160, 2.2648, 2.1769, 2.1592, 0.0000, 0.0000, 0.0000, 0.3948, 0.0873, 0.0054, 0.0378, 0.0139, 3.6483, 3.7408, 0.0000, 4.4529, 4.4783, 3.0041, 8.8100, 2.2633, 4.6207, 3.1611, 
0000:01:40.354, 200, Normal  , ADCV      ,         ,          , ADAX       , ADSTAT     ,             , 2.1874, 2.2885, 2.1784, 2.1947, 0.0000, 0.0000, 0.0000, 0.3968, 0.0868, 0.0070, 0.0420, 0.0178, 3.6790, 3.7842, 0.0000, 4.5778, 4.6019, 3.0043, 8.9760, 2.2636, 4.6274, 3.1583, 
0000:01:40.856, 201, Normal  , ADCV      ,         ,          , ADAX       , ADSTAT     ,             , 2.1515, 2.2706, 2.1813, 2.2101, 0.0000, 0.0000, 0.0000, 0.3963, 0.0873, 0.0078, 0.0412, 0.0122, 3.7487, 3.8357, 0.0000, 4.5544, 4.5803, 3.0041, 8.9920, 2.2637, 4.6344, 3.1589, 
0000:01:41.342, 202, Normal  , ADCV      ,         ,          , ADAX       , ADSTAT     ,             , 2.2417, 2.2764, 2.1831, 2.2056, 0.0000, 0.0000, 0.0000, 0.3974, 0.0880, 0.0083, 0.0432, 0.0157, 3.7435, 3.8248, 0.0000, 4.5185, 4.4889, 3.0041, 8.6720, 2.2633, 4.5650, 3.1586, 
0000:01:41.847, 203, Normal  , ADCV      ,         ,          , ADAX       , ADSTAT     ,             , 2.1631, 2.2733, 2.1828, 2.1624, 0.0000, 0.0000, 0.0000, 0.3962, 0.0864, 0.0053, 0.0399, 0.0142, 3.6728, 3.7556, 0.0000, 4.6021, 4.5177, 3.0041, 8.8420, 2.2634, 4.5830, 3.1623, 
0000:01:42.350, 204, Normal  , ADCV      ,         ,          , ADAX       , ADSTAT     ,             , 2.2295, 2.2870, 2.1916, 2.2215, 0.0000, 0.0000, 0.0000, 0.3978, 0.0872, 0.0078, 0.0437, 0.0158, 3.6685, 3.7758, 0.0000, 4.5715, 4.5614, 3.0040, 8.9180, 2.2633, 4.6922, 3.1547, 
0000:01:42.854, 205, Normal  , ADCV      ,         ,          , ADAX       , ADSTAT     ,             , 2.1540, 2.2727, 2.1811, 2.2257, 0.0000, 0.0000, 0.0000, 0.3969, 0.0860, 0.0085, 0.0431, 0.0135, 3.7581, 3.7742, 0.0000, 4.6380, 4.6808, 3.0044, 8.9540, 2.2635, 4.5957, 3.1593, 
0000:01:43.355, 206, Normal  , ADCV      ,         ,          , ADAX       , ADSTAT     ,             , 2.1861, 2.2831, 2.1951, 2.2402, 0.0000, 0.0000, 0.0000, 0.3981, 0.0874, 0.0090, 0.0424, 0.0144, 3.6500, 3.7173, 0.0000, 4.4692, 4.4306, 3.0042, 8.7020, 2.2634, 4.5860, 3.1608, 
0000:01:43.858, 207, Normal  , ADCV      ,         ,          , ADAX       , ADSTAT     ,             , 2.1506, 2.2465, 2.1309, 2.1303, 0.0000, 0.0000, 0.0000, 0.3949, 0.0818, 0.0041, 0.0418, 0.0142, 3.6595, 3.7492, 0.0000, 4.4986, 4.5116, 3.0042, 8.7660, 2.2632, 4.6025, 3.1564, 
0000:01:44.362, 208, Normal  , ADCV      ,         ,          , ADAX       , ADSTAT     ,             , 2.1542, 2.2779, 2.1871, 2.1930, 0.0000, 0.0000, 0.0000, 0.3977, 0.0857, 0.0065, 0.0419, 0.0144, 3.7014, 3.8062, 0.0000, 4.5736, 4.5926, 3.0041, 8.9640, 2.2636, 4.6945, 3.1546, 
0000:01:44.865, 209, Normal  , ADCV      ,         ,          , ADAX       , ADSTAT     ,             , 2.1851, 2.2649, 2.1631, 2.1769, 0.0000, 0.0000, 0.0000, 0.3973, 0.0839, 0.0062, 0.0431, 0.0110, 3.6761, 3.7073, 0.0000, 4.5873, 4.6082, 3.0042, 8.9480, 2.2629, 4.5231, 3.1603, 
0000:01:45.368, 210, Normal  , ADCV      ,         ,          , ADAX       , ADSTAT     ,             , 2.2089, 2.2967, 2.1728, 2.1771, 0.0000, 0.0000, 0.0000, 0.4004, 0.0846, 0.0062, 0.0432, 0.0151, 3.6405, 3.7353, 0.0000, 4.6488, 4.5906, 3.0042, 8.7040, 2.2633, 4.6658, 3.1630, 
0000:01:45.871, 211, Normal  , ADCV      ,         ,          , ADAX       , ADSTAT     ,             , 2.3884, 2.3558, 2.2793, 2.5725, 0.0000, 0.0000, 0.0000, 0.3690, 0.0718, 0.0303, 0.0937, 0.1326, 4.0693, 4.0539, 0.0000, 4.9098, 5.0164, 3.0042, 9.4860, 2.2637, 4.9571, 3.1583, 
0000:01:46.373, 212, Normal  , ADCV      ,         ,          , ADAX       , ADSTAT     ,             , 2.3754, 2.3545, 2.2811, 2.3621, 0.0000, 0.0000, 0.0000, 0.3441, 0.0459, 0.0000, 0.0690, 0.1294, 3.9663, 4.0341, 0.0000, 4.9094, 4.9097, 3.0041, 9.4600, 2.2640, 4.9491, 3.1595, 
0000:01:46.875, 213, Normal  , ADCV      ,         ,          , ADAX       , ADSTAT     ,             , 2.3771, 2.3561, 2.2850, 2.3641, 0.0000, 0.0000, 0.0000, 0.3575, 0.0583, 0.0000, 0.0589, 0.1087, 3.9696, 4.0364, 0.0000, 4.9137, 4.9140, 3.0042, 9.4700, 2.2641, 4.9536, 3.1590, 
0000:01:47.377, 214, Normal  , ADCV      ,         ,          , ADAX       , ADSTAT     ,             , 2.3781, 2.3577, 2.2887, 2.3654, 0.0000, 0.0000, 0.0000, 0.3710, 0.0704, 0.0018, 0.0501, 0.0894, 3.9732, 4.0405, 0.0000, 4.9177, 4.9171, 3.0042, 9.4760, 2.2639, 4.9573, 3.1594, 
0000:01:47.880, 215, Normal  , ADCV      ,         ,          , ADAX       , ADSTAT     ,             , 2.3791, 2.3591, 2.2913, 2.3663, 0.0000, 0.0000, 0.0000, 0.3833, 0.0817, 0.0053, 0.0420, 0.0715, 3.9764, 4.0427, 0.0000, 4.9205, 4.9204, 3.0042, 9.4820, 2.2639, 4.9601, 3.1597, 
0000:01:48.384, 216, Normal  , ADCV      ,         ,          , ADAX       , ADSTAT     ,             , 2.3800, 2.3600, 2.2937, 2.3678, 0.0000, 0.0000, 0.0000, 0.3944, 0.0914, 0.0083, 0.0354, 0.0557, 3.9796, 4.0458, 0.0000, 4.9229, 4.9228, 3.0040, 9.4880, 2.2642, 4.9639, 3.1599, 
0000:01:48.888, 217, Normal  , ADCV      ,         ,          , ADAX       , ADSTAT     ,             , 2.3812, 2.3614, 2.2958, 2.3684, 0.0000, 0.0000, 0.0000, 0.4031, 0.0996, 0.0110, 0.0310, 0.0430, 3.9798, 4.0481, 0.0000, 4.9262, 4.9255, 3.0042, 9.4920, 2.2639, 4.9655, 3.1592, 
0000:01:49.390, 218, Normal  , ADCV      ,         ,          , ADAX       , ADSTAT     ,             , 2.3819, 2.3621, 2.2977, 2.3696, 0.0000, 0.0000, 0.0000, 0.4097, 0.1053, 0.0131, 0.0288, 0.0344, 3.9835, 4.0508, 0.0000, 4.9284, 4.9283, 3.0042, 9.4960, 2.2638, 4.9677, 3.1597, 
0000:01:49.893, 219, Normal  , ADCV      ,         ,          , ADAX       , ADSTAT     ,             , 2.3829, 2.3631, 2.2995, 2.3700, 0.0000, 0.0000, 0.0000, 0.4138, 0.1086, 0.0139, 0.0284, 0.0284, 3.9844, 4.0508, 0.0000, 4.9305, 4.9298, 3.0041, 9.5000, 2.2639, 4.9696, 3.1594, 
0000:01:50.395, 220, Normal  , ADCV      ,         ,          , ADAX       , ADSTAT     ,             , 2.3834, 2.3639, 2.3013, 2.3714, 0.0000, 0.0000, 0.0000, 0.4167, 0.1106, 0.0142, 0.0287, 0.0246, 3.9858, 4.0527, 0.0000, 4.9316, 4.9322, 3.0043, 9.5020, 2.2640, 4.9721, 3.1593, 
0000:01:50.898, 221, Normal  , ADCV      ,         ,          , ADAX       , ADSTAT     ,             , 2.3842, 2.3648, 2.3028, 2.3721, 0.0000, 0.0000, 0.0000, 0.4181, 0.1116, 0.0140, 0.0298, 0.0219, 3.9882, 4.0545, 0.0000, 4.9341, 4.9338, 3.0042, 9.5080, 2.2640, 4.9733, 3.1594, 
0000:01:51.401, 222, Normal  , ADCV      ,         ,          , ADAX       , ADSTAT     ,             , 2.3846, 2.3656, 2.3041, 2.3724, 0.0000, 0.0000, 0.0000, 0.4189, 0.1119, 0.0142, 0.0314, 0.0216, 3.9885, 4.0563, 0.0000, 4.9352, 4.9358, 3.0043, 9.5100, 2.2640, 4.9755, 3.1596, 
0000:01:51.904, 223, Normal  , ADCV      ,         ,          , ADAX       , ADSTAT     ,             , 2.3854, 2.3661, 2.3055, 2.3732, 0.0000, 0.0000, 0.0000, 0.4188, 0.1116, 0.0135, 0.0323, 0.0203, 3.9898, 4.0584, 0.0000, 4.9369, 4.9370, 3.0042, 9.5120, 2.2637, 4.9774, 3.1597, 
0000:01:52.405, 224, Normal  , ADCV      ,         ,          , ADAX       , ADSTAT     ,             , 2.3855, 2.3669, 2.3069, 2.3743, 0.0000, 0.0000, 0.0000, 0.4190, 0.1112, 0.0125, 0.0327, 0.0186, 3.9914, 4.0586, 0.0000, 4.9391, 4.9387, 3.0042, 9.5180, 2.2640, 4.9782, 3.1597, 
0000:01:52.908, 225, Normal  , ADCV      ,         ,          , ADAX       , ADSTAT     ,             , 2.3860, 2.3676, 2.3080, 2.3747, 0.0000, 0.0000, 0.0000, 0.4209, 0.1125, 0.0131, 0.0338, 0.0174, 3.9932, 4.0601, 0.0000, 4.9402, 4.9406, 3.0043, 9.5200, 2.2639, 4.9802, 3.1593, 
0000:01:53.411, 226, Normal  , ADCV      ,         ,          , ADAX       , ADSTAT     ,             , 2.3865, 2.3682, 2.3091, 2.3754, 0.0000, 0.0000, 0.0000, 0.4211, 0.1120, 0.0123, 0.0344, 0.0161, 3.9928, 4.0603, 0.0000, 4.9412, 4.9412, 3.0042, 9.5220, 2.2639, 4.9819, 3.1595, 
0000:01:53.910, 227, Normal  , ADCV      ,         ,          , ADAX       , ADSTAT     ,             , 2.3868, 2.3688, 2.3103, 2.3754, 0.0000, 0.0000, 0.0000, 0.4218, 0.1120, 0.0120, 0.0351, 0.0154, 3.9948, 4.0624, 0.0000, 4.9433, 4.9425, 3.0041, 9.5260, 2.2639, 4.9823, 3.1595, 
0000:01:54.418, 228, Normal  , ADCV      ,         ,          , ADAX       , ADSTAT     ,             , 2.3876, 2.3693, 2.3111, 2.3764, 0.0000, 0.0000, 0.0000, 0.4221, 0.1115, 0.0114, 0.0357, 0.0148, 3.9949, 4.0612, 0.0000, 4.9447, 4.9438, 3.0042, 9.5280, 2.2641, 4.9834, 3.1596, 
0000:01:54.919, 229, Normal  , ADCV      ,         ,          , ADAX       , ADSTAT     ,             , 2.3877, 2.3699, 2.3122, 2.3766, 0.0000, 0.0000, 0.0000, 0.4227, 0.1116, 0.0111, 0.0363, 0.0141, 3.9970, 4.0647, 0.0000, 4.9448, 4.9448, 3.0042, 9.5280, 2.2640, 4.9856, 3.1595, 
0000:01:55.421, 230, Normal  , ADCV      ,         ,          , ADAX       , ADSTAT     ,             , 2.3882, 2.3704, 2.3132, 2.3774, 0.0000, 0.0000, 0.0000, 0.4231, 0.1113, 0.0110, 0.0371, 0.0139, 3.9974, 4.0651, 0.0000, 4.9463, 4.9459, 3.0041, 9.5300, 2.2640, 4.9857, 3.1601, 
0000:01:55.922, 231, Normal  , ADCV      ,         ,          , ADAX       , ADSTAT     ,             , 2.3890, 2.3709, 2.3140, 2.3779, 0.0000, 0.0000, 0.0000, 0.4235, 0.1111, 0.0106, 0.0376, 0.0132, 3.9990, 4.0667, 0.0000, 4.9468, 4.9474, 3.0041, 9.5360, 2.2641, 4.9869, 3.1594, 
0000:01:56.425, 232, Normal  , ADCV      ,         ,          , ADAX       , ADSTAT     ,             , 2.3893, 2.3713, 2.3148, 2.3782, 0.0000, 0.0000, 0.0000, 0.4237, 0.1107, 0.0101, 0.0380, 0.0133, 4.0001, 4.0681, 0.0000, 4.9480, 4.9481, 3.0042, 9.5320, 2.2640, 4.9885, 3.1597, 
0000:01:56.928, 233, Normal  , ADCV      ,         ,          , ADAX       , ADSTAT     ,             , 2.3896, 2.3720, 2.3156, 2.3782, 0.0000, 0.0000, 0.0000, 0.4242, 0.1106, 0.0101, 0.0386, 0.0130, 3.9999, 4.0686, 0.0000, 4.9490, 4.9488, 3.0043, 9.5340, 2.2645, 4.9895, 3.1601, 
0000:01:57.431, 234, Normal  , ADCV      ,         ,          , ADAX       , ADSTAT     ,             , 2.3901, 2.3723, 2.3163, 2.3786, 0.0000, 0.0000, 0.0000, 0.4243, 0.1102, 0.0098, 0.0389, 0.0129, 4.0026, 4.0698, 0.0000, 4.9499, 4.9500, 3.0043, 9.5380, 2.2642, 4.9906, 3.1598, 
0000:01:57.935, 235, Normal  , ADCV      ,         ,          , ADAX       , ADSTAT     ,             , 2.3901, 2.3727, 2.3171, 2.3795, 0.0000, 0.0000, 0.0000, 0.4246, 0.1099, 0.0097, 0.0393, 0.0127, 4.0024, 4.0695, 0.0000, 4.9509, 4.9508, 3.0040, 9.5400, 2.2643, 4.9909, 3.1602, 
0000:01:58.433, 236, Normal  , ADCV      ,         ,          , ADAX       , ADSTAT     ,             , 2.3906, 2.3732, 2.3178, 2.3798, 0.0000, 0.0000, 0.0000, 0.4249, 0.1097, 0.0096, 0.0395, 0.0123, 4.0033, 4.0706, 0.0000, 4.9523, 4.9518, 3.0042, 9.5440, 2.2641, 4.9913, 3.1598, 
0000:01:58.929, 237, Normal  , ADCV      ,         ,          , ADAX       , ADSTAT     ,             , 2.3904, 2.3735, 2.3185, 2.3800, 0.0000, 0.0000, 0.0000, 0.4262, 0.1107, 0.0099, 0.0397, 0.0121, 4.0039, 4.0710, 0.0000, 4.9525, 4.9527, 3.0042, 9.5420, 2.2640, 4.9925, 3.1595, 
0000:01:59.433, 238, Normal  , ADCV      ,         ,          , ADAX       , ADSTAT     ,             , 2.3908, 2.3740, 2.3192, 2.3799, 0.0000, 0.0000, 0.0000, 0.4258, 0.1097, 0.0094, 0.0396, 0.0121, 4.0045, 4.0725, 0.0000, 4.9532, 4.9531, 3.0042, 9.5440, 2.2640, 4.9937, 3.1596, 
0000:01:59.922, 239, Normal  , ADCV      ,         ,          , ADAX       , ADSTAT     ,             , 2.3913, 2.3744, 2.3199, 2.3804, 0.0000, 0.0000, 0.0000, 0.4258, 0.1093, 0.0091, 0.0400, 0.0122, 4.0051, 4.0718, 0.0000, 4.9540, 4.9537, 3.0042, 9.5460, 2.2643, 4.9943, 3.1600, 
0000:02:00.425, 240, Normal  , ADCV      ,         ,          , ADAX       , ADSTAT     ,             , 2.3920, 2.3746, 2.3203, 2.3808, 0.0000, 0.0000, 0.0000, 0.4261, 0.1091, 0.0091, 0.0401, 0.0122, 4.0048, 4.0723, 0.0000, 4.9549, 4.9553, 3.0042, 9.5500, 2.2645, 4.9945, 3.1596, 
0000:02:00.928, 241, Normal  , ADCV      ,         ,          , ADAX       , ADSTAT     ,             , 2.3918, 2.3752, 2.3211, 2.3810, 0.0000, 0.0000, 0.0000, 0.4264, 0.1089, 0.0090, 0.0404, 0.0122, 4.0068, 4.0725, 0.0000, 4.9555, 4.9549, 3.0042, 9.5500, 2.2642, 4.9953, 3.1595, 
0000:02:01.428, 242, Normal  , ADCV      ,         ,          , ADAX       , ADSTAT     ,             , 2.3923, 2.3753, 2.3215, 2.3815, 0.0000, 0.0000, 0.0000, 0.4266, 0.1088, 0.0091, 0.0405, 0.0121, 4.0064, 4.0737, 0.0000, 4.9569, 4.9563, 3.0041, 9.5520, 2.2644, 4.9957, 3.1594, 
0000:02:01.931, 243, Normal  , ADCV      ,         ,          , ADAX       , ADSTAT     ,             , 2.3927, 2.3756, 2.3220, 2.3815, 0.0000, 0.0000, 0.0000, 0.4266, 0.1084, 0.0090, 0.0405, 0.0120, 4.0088, 4.0743, 0.0000, 4.9571, 4.9568, 3.0042, 9.5520, 2.2644, 4.9965, 3.1598, 
0000:02:02.434, 244, Normal  , ADCV      ,         ,          , ADAX       , ADSTAT     ,             , 2.3928, 2.3759, 2.3225, 2.3817, 0.0000, 0.0000, 0.0000, 0.4270, 0.1084, 0.0088, 0.0406, 0.0119, 4.0064, 4.0739, 0.0000, 4.9579, 4.9572, 3.0041, 9.5540, 2.2644, 4.9971, 3.1594, 
0000:02:02.933, 245, Normal  , ADCV      ,         ,          , ADAX       , ADSTAT     ,             , 2.3925, 2.3762, 2.3234, 2.3823, 0.0000, 0.0000, 0.0000, 0.4272, 0.1081, 0.0087, 0.0407, 0.0119, 4.0086, 4.0754, 0.0000, 4.9581, 4.9586, 3.0042, 9.5540, 2.2640, 4.9977, 3.1599, 
0000:02:03.435, 246, Normal  , ADCV      ,         ,          , ADAX       , ADSTAT     ,             , 2.3928, 2.3764, 2.3237, 2.3824, 0.0000, 0.0000, 0.0000, 0.4271, 0.1076, 0.0087, 0.0406, 0.0119, 4.0093, 4.0770, 0.0000, 4.9583, 4.9583, 3.0043, 9.5560, 2.2644, 4.9989, 3.1598, 
0000:02:03.938, 247, Normal  , ADCV      ,         ,          , ADAX       , ADSTAT     ,             , 2.3929, 2.3766, 2.3242, 2.3830, 0.0000, 0.0000, 0.0000, 0.4273, 0.1078, 0.0087, 0.0409, 0.0118, 4.0088, 4.0761, 0.0000, 4.9589, 4.9593, 3.0042, 9.5560, 2.2640, 4.9994, 3.1597, 
0000:02:04.440, 248, Normal  , ADCV      ,         ,          , ADAX       , ADSTAT     ,             , 2.3932, 2.3769, 2.3246, 2.3834, 0.0000, 0.0000, 0.0000, 0.4276, 0.1074, 0.0088, 0.0408, 0.0117, 4.0107, 4.0761, 0.0000, 4.9596, 4.9601, 3.0042, 9.5600, 2.2641, 4.9996, 3.1597, 
0000:02:04.943, 249, Normal  , ADCV      ,         ,          , ADAX       , ADSTAT     ,             , 2.3937, 2.3775, 2.3250, 2.3831, 0.0000, 0.0000, 0.0000, 0.4278, 0.1074, 0.0087, 0.0410, 0.0117, 4.0109, 4.0770, 0.0000, 4.9607, 4.9600, 3.0043, 9.5600, 2.2645, 4.9999, 3.1598, 
0000:02:05.445, 250, Normal  , ADCV      ,         ,          , ADAX       , ADSTAT     ,             , 2.3938, 2.3776, 2.3255, 2.3832, 0.0000, 0.0000, 0.0000, 0.4279, 0.1071, 0.0086, 0.0410, 0.0116, 4.0109, 4.0784, 0.0000, 4.9607, 4.9612, 3.0042, 9.5620, 2.2641, 5.0003, 3.1598, 
0000:02:05.949, 251, Normal  , ADCV      ,         ,          , ADAX       , ADSTAT     ,             , 2.3937, 2.3778, 2.3261, 2.3837, 0.0000, 0.0000, 0.0000, 0.4282, 0.1070, 0.0087, 0.0411, 0.0117, 4.0115, 4.0795, 0.0000, 4.9610, 4.9608, 3.0042, 9.5620, 2.2644, 5.0018, 3.1598, 
0000:02:06.450, 252, Normal  , ADCV      ,         ,          , ADAX       , ADSTAT     ,             , 2.3939, 2.3780, 2.3262, 2.3837, 0.0000, 0.0000, 0.0000, 0.4283, 0.1067, 0.0084, 0.0411, 0.0115, 4.0132, 4.0788, 0.0000, 4.9618, 4.9623, 3.0042, 9.5620, 2.2644, 5.0013, 3.1596, 
0000:02:06.953, 253, Normal  , ADCV      ,         ,          , ADAX       , ADSTAT     ,             , 2.3943, 2.3783, 2.3266, 2.3845, 0.0000, 0.0000, 0.0000, 0.4283, 0.1065, 0.0086, 0.0412, 0.0117, 4.0113, 4.0786, 0.0000, 4.9626, 4.9623, 3.0043, 9.5640, 2.2646, 5.0017, 3.1596, 
0000:02:07.458, 254, Normal  , ADCV      ,         ,          , ADAX       , ADSTAT     ,             , 2.3943, 2.3783, 2.3271, 2.3845, 0.0000, 0.0000, 0.0000, 0.4285, 0.1063, 0.0084, 0.0412, 0.0116, 4.0124, 4.0789, 0.0000, 4.9626, 4.9630, 3.0044, 9.5660, 2.2643, 5.0024, 3.1595, 
0000:02:07.959, 255, Normal  , ADCV      ,         ,          , ADAX       , ADSTAT     ,             , 2.3948, 2.3786, 2.3274, 2.3845, 0.0000, 0.0000, 0.0000, 0.4289, 0.1064, 0.0085, 0.0412, 0.0115, 4.0130, 4.0799, 0.0000, 4.9630, 4.9634, 3.0042, 9.5660, 2.2642, 5.0027, 3.1593, 
0000:02:08.461, 256, Normal  , ADCV      ,         ,          , ADAX       , ADSTAT     ,             , 2.3943, 2.3787, 2.3277, 2.3848, 0.0000, 0.0000, 0.0000, 0.4288, 0.1061, 0.0085, 0.0413, 0.0117, 4.0128, 4.0795, 0.0000, 4.9633, 4.9634, 3.0042, 9.5660, 2.2639, 5.0037, 3.1593, 
0000:02:08.963, 257, Normal  , ADCV      ,         ,          , ADAX       , ADSTAT     ,             , 2.3951, 2.3790, 2.3281, 2.3848, 0.0000, 0.0000, 0.0000, 0.4291, 0.1061, 0.0085, 0.0412, 0.0114, 4.0144, 4.0813, 0.0000, 4.9643, 4.9636, 3.0042, 9.5640, 2.2639, 5.0033, 3.1596, 
0000:02:09.488, 258, Normal  , ADCV      ,         ,          , ADAX       , ADSTAT     ,             , 2.3947, 2.3792, 2.3287, 2.3850, 0.0000, 0.0000, 0.0000, 0.4283, 0.1049, 0.0081, 0.0411, 0.0118, 4.0135, 4.0796, 0.0000, 4.9642, 4.9638, 3.0042, 9.5660, 2.2640, 5.0043, 3.1594, 
0000:02:09.988, 259, Normal  , ADCV      ,         ,          , ADAX       , ADSTAT     ,             , 2.3951, 2.3796, 2.3290, 2.3850, 0.0000, 0.0000, 0.0000, 0.4293, 0.1056, 0.0085, 0.0413, 0.0117, 4.0135, 4.0803, 0.0000, 4.9645, 4.9642, 3.0041, 9.5660, 2.2643, 5.0048, 3.1595, 
0000:02:10.491, 260, Normal  , ADCV      ,         ,          , ADAX       , ADSTAT     ,             , 2.3955, 2.3797, 2.3292, 2.3852, 0.0000, 0.0000, 0.0000, 0.4293, 0.1055, 0.0086, 0.0414, 0.0115, 4.0159, 4.0823, 0.0000, 4.9652, 4.9654, 3.0042, 9.5700, 2.2642, 5.0048, 3.1595, 
0000:02:10.994, 261, Normal  , ADCV      ,         ,          , ADAX       , ADSTAT     ,             , 2.3950, 2.3799, 2.3297, 2.3854, 0.0000, 0.0000, 0.0000, 0.4296, 0.1053, 0.0085, 0.0412, 0.0114, 4.0153, 4.0822, 0.0000, 4.9651, 4.9649, 3.0041, 9.5700, 2.2640, 5.0054, 3.1598, 
